ACORES,-7.969,-14.394
ACORES,38.883,-9.03
ACORES,36.971,-25.171
ACORES,41.868,-6.712
ACORES,38.079,-7.932
ACORES,41.587,-8.445
ACORES,40.157,-8.47
ACORES,38.725,-9.355
ACORES,40.265,-7.48
ACORES,38.533,-7.889
ACORES,39.455,-31.131
ACORES,37.014,-7.966
ACORES,39.092,-28.03
ACORES,38.52,-28.716
ACORES,38.764,-27.093
ACORES,39.831,-8.887
ACORES,38.704,-9.036
ACORES,37.741,-25.698
ACORES,38.554,-28.44
ACORES,37.149,-8.584
ACORES,41.248,-8.681
ACORES,38.665,-28.176
ACORES,38.831,-9.339
ACORES,39.475,-8.364
ACORES,41.274,-7.72
ACORES,40.725,-7.889
AFGHANISTAN,34.21,62.228
AFGHANISTAN,34.399,70.499
AFGHANISTAN,34.566,69.212
AFGHANISTAN,31.506,65.848
AFGHANISTAN,35.934,64.759
AFGHANISTAN,36.707,67.209
AFGHANISTAN,33.391,62.261
AFGHANISTAN,36.75,65.912
AFGHANISTAN,36.775,69.532
AFGHANISTAN,36.665,68.911
ALBANIA,41.415,19.721
ALGERIA,36.504,2.814
ALGERIA,35.333,4.206
ALGERIA,36.712,5.07
ALGERIA,36.691,3.215
ALGERIA,24.293,9.452
ALGERIA,36.546,2.876
ALGERIA,36.109,6.364
ALGERIA,26.71,0.286
ALGERIA,26.573,8.484
ALGERIA,35.525,2.879
ALGERIA,36.178,5.324
ALGERIA,22.811,5.451
ALGERIA,36.795,5.873
ALGERIA,33.536,-0.242
ALGERIA,35.752,0.626
ALGERIA,36.822,7.809
ALGERIA,36.277,6.624
ALGERIA,35.431,8.121
ALGERIA,32.93,3.312
ALGERIA,35.341,1.463
ALGERIA,35.735,-0.805
ALGERIA,27.7,-8.167
ALGERIA,36.213,1.332
ALGERIA,35.542,-0.532
ALGERIA,35.017,-1.45
ALGERIA,35.624,-0.621
ALGERIA,35.172,-0.593
ALGERIA,35.208,0.147
ALGERIA,27.837,-0.186
ALGERIA,34.793,5.738
ALGERIA,30.571,2.859
ALGERIA,32.384,3.794
ALGERIA,31.673,6.14
ALGERIA,27.251,2.512
ALGERIA,33.068,6.089
ALGERIA,33.764,2.927
ALGERIA,29.237,0.276
ALGERIA,31.917,5.413
ALGERIA,28.051,9.643
ANGOLA,-6.27,14.247
ANGOLA,-12.609,13.404
ANGOLA,-5.597,12.188
ANGOLA,-7.357,20.804
ANGOLA,-8.374,18.924
ANGOLA,-11.894,22.916
ANGOLA,-17.045,15.687
ANGOLA,-12.809,15.76
ANGOLA,-12.404,16.947
ANGOLA,-12.371,13.536
ANGOLA,-8.858,13.231
ANGOLA,-9.525,16.312
ANGOLA,-14.658,17.72
ANGOLA,-15.261,12.147
ANGOLA,-7.754,15.287
ANGOLA,-10.722,13.765
ANGOLA,-9.689,20.432
ANGOLA,-6.141,12.372
ANGOLA,-7.147,14.248
ANGOLA,-11.768,19.898
ANGOLA,-7.603,15.028
ANGOLA,-16.755,14.965
ANGUILLA ISL.,18.205,-63.055
ANTARCTICA,-64.238,-56.631
ANTARCTICA,-62.191,-58.987
ANTILLES,14.591,-61.003
ANTILLES,18.1,-63.047
ANTILLES,17.9,-62.85
ANTILLES,15.869,-61.27
ANTILLES,16.265,-61.532
ANTILLES,12.131,-68.268
ANTILLES,12.189,-68.96
ANTILLES,17.496,-62.979
ANTILLES,18.041,-63.109
ARGENTINA,14.521,-91.697
ARGENTINA,-31.297,-57.996
ARGENTINA,-33.006,-58.613
ARGENTINA,-35.348,-57.294
ARGENTINA,-34.546,-60.931
ARGENTINA,-31.795,-60.48
ARGENTINA,-32.903,-60.784
ARGENTINA,-31.712,-60.812
ARGENTINA,-34.559,-58.416
ARGENTINA,-31.007,-64.532
ARGENTINA,-31.324,-64.208
ARGENTINA,-30.345,-66.294
ARGENTINA,-34.501,-58.604
ARGENTINA,-34.453,-58.589
ARGENTINA,-34.561,-58.789
ARGENTINA,-34.972,-57.894
ARGENTINA,-34.676,-58.642
ARGENTINA,-34.61,-58.613
ARGENTINA,-34.731,-58.599
ARGENTINA,-37.444,-70.222
ARGENTINA,-39.001,-67.62
ARGENTINA,-32.832,-68.793
ARGENTINA,-35.484,-69.582
ARGENTINA,-32.866,-68.872
ARGENTINA,-34.588,-68.403
ARGENTINA,-28.596,-65.752
ARGENTINA,-27.766,-64.31
ARGENTINA,-28.038,-67.58
ARGENTINA,-29.381,-66.796
ARGENTINA,-29.224,-67.439
ARGENTINA,-26.841,-65.105
ARGENTINA,-31.571,-68.418
ARGENTINA,-33.086,-64.261
ARGENTINA,-31.941,-65.142
ARGENTINA,-34.135,-63.362
ARGENTINA,-32.684,-62.158
ARGENTINA,-33.73,-65.387
ARGENTINA,-33.273,-66.356
ARGENTINA,-27.445,-58.762
ARGENTINA,-27.45,-59.056
ARGENTINA,-26.212,-58.228
ARGENTINA,-25.738,-54.473
ARGENTINA,-29.689,-57.152
ARGENTINA,-30.272,-57.64
ARGENTINA,-27.386,-55.971
ARGENTINA,-26.756,-60.493
ARGENTINA,-24.856,-65.486
ARGENTINA,-24.393,-65.098
ARGENTINA,-23.153,-64.329
ARGENTINA,-22.162,-65.57
ARGENTINA,-22.62,-63.794
ARGENTINA,-29.106,-59.219
ARGENTINA,-24.721,-60.549
ARGENTINA,-29.223,-58.088
ARGENTINA,-27.518,-55.124
ARGENTINA,-29.21,-59.691
ARGENTINA,-29.771,-57.979
ARGENTINA,-41.943,-71.532
ARGENTINA,-45.785,-67.466
ARGENTINA,-42.031,-71.17
ARGENTINA,-42.908,-71.139
ARGENTINA,-46.538,-68.966
ARGENTINA,-43.21,-65.27
ARGENTINA,-40.869,-63.0
ARGENTINA,-42.759,-65.102
ARGENTINA,-50.335,-72.248
ARGENTINA,-47.735,-65.904
ARGENTINA,-53.777,-67.749
ARGENTINA,-51.609,-69.313
ARGENTINA,-54.843,-68.296
ARGENTINA,-49.307,-67.802
ARGENTINA,-44.048,-70.459
ARGENTINA,-51.606,-72.217
ARGENTINA,-50.016,-68.579
ARGENTINA,-38.725,-62.169
ARGENTINA,-37.446,-61.889
ARGENTINA,-36.32,-57.722
ARGENTINA,-36.891,-60.216
ARGENTINA,-35.696,-63.758
ARGENTINA,-38.387,-60.329
ARGENTINA,-36.187,-61.076
ARGENTINA,-36.542,-56.722
ARGENTINA,-37.934,-57.573
ARGENTINA,-38.949,-68.156
ARGENTINA,-38.489,-58.816
ARGENTINA,-35.846,-61.858
ARGENTINA,-36.588,-64.275
ARGENTINA,-41.151,-71.157
ARGENTINA,-37.237,-59.228
ARGENTINA,-37.235,-57.029
ARGENTINA,-38.939,-69.264
ARGENTINA,-40.075,-71.137
ARUBA,12.501,-70.015
AUSTRALIA,-27.57,153.008
AUSTRALIA,-10.951,142.459
AUSTRALIA,-23.807,133.902
AUSTRALIA,-27.384,153.118
AUSTRALIA,-28.164,153.505
AUSTRALIA,-16.886,145.755
AUSTRALIA,-26.413,146.262
AUSTRALIA,-20.664,139.489
AUSTRALIA,-26.603,153.091
AUSTRALIA,-21.172,149.18
AUSTRALIA,-27.411,151.735
AUSTRALIA,-20.495,148.552
AUSTRALIA,-23.382,150.475
AUSTRALIA,-19.253,146.765
AUSTRALIA,-12.679,141.925
AUSTRALIA,-38.039,144.469
AUSTRALIA,-36.068,146.958
AUSTRALIA,-37.728,144.902
AUSTRALIA,-38.099,147.149
AUSTRALIA,-42.836,147.51
AUSTRALIA,-41.545,147.214
AUSTRALIA,-37.976,145.102
AUSTRALIA,-37.673,144.843
AUSTRALIA,-37.932,144.753
AUSTRALIA,-34.945,138.531
AUSTRALIA,-32.507,137.717
AUSTRALIA,-34.703,138.621
AUSTRALIA,-32.097,115.881
AUSTRALIA,-20.712,116.773
AUSTRALIA,-30.789,121.462
AUSTRALIA,-15.778,128.707
AUSTRALIA,-22.236,114.089
AUSTRALIA,-20.378,118.626
AUSTRALIA,-34.793,138.633
AUSTRALIA,-31.94,115.967
AUSTRALIA,-31.144,136.817
AUSTRALIA,-33.924,150.988
AUSTRALIA,-35.308,149.194
AUSTRALIA,-30.321,153.116
AUSTRALIA,-34.04,150.687
AUSTRALIA,-32.217,148.575
AUSTRALIA,-29.041,167.939
AUSTRALIA,-33.601,150.781
AUSTRALIA,-33.946,151.177
AUSTRALIA,-31.084,150.847
AUSTRALIA,-35.165,147.466
AUSTRIA,47.843,16.26
AUSTRIA,48.183,14.041
AUSTRIA,47.0,15.433
AUSTRIA,47.26,11.344
AUSTRIA,46.65,14.333
AUSTRIA,48.233,14.183
AUSTRIA,48.0,16.5
AUSTRIA,47.793,13.004
AUSTRIA,48.11,16.57
AUSTRIA,46.991,15.439
AUSTRIA,46.642,14.338
AUSTRIA,48.233,14.188
AUSTRIA,48.321,16.112
AUSTRIA,47.203,14.744
BAHAMAS,24.288,-77.684
BAHAMAS,24.698,-77.796
BAHAMAS,24.159,-77.59
BAHAMAS,26.511,-77.083
BAHAMAS,25.054,-78.049
BAHAMAS,22.442,-73.971
BAHAMAS,26.004,-77.395
BAHAMAS,26.745,-77.391
BAHAMAS,25.417,-77.881
BAHAMAS,25.738,-77.84
BAHAMAS,25.7,-79.264
BAHAMAS,24.629,-75.674
BAHAMAS,24.315,-75.454
BAHAMAS,22.746,-74.182
BAHAMAS,23.563,-75.878
BAHAMAS,25.476,-76.681
BAHAMAS,25.284,-76.331
BAHAMAS,24.594,-76.832
BAHAMAS,24.892,-76.178
BAHAMAS,24.169,-76.439
BAHAMAS,26.559,-78.695
BAHAMAS,26.686,-78.978
BAHAMAS,20.975,-73.667
BAHAMAS,23.179,-75.093
BAHAMAS,23.583,-75.269
BAHAMAS,22.379,-73.013
BAHAMAS,25.039,-77.466
BAHAMAS,22.182,-75.729
BAHAMAS,24.063,-74.524
BAHRAIN,26.271,50.634
BAHRAIN,25.918,50.591
BANGLADESH,21.452,91.964
BANGLADESH,22.249,91.813
BANGLADESH,24.152,89.049
BANGLADESH,23.184,89.161
BANGLADESH,24.437,88.616
BANGLADESH,25.759,88.909
BANGLADESH,24.963,91.867
BANGLADESH,23.778,90.382
BANGLADESH,23.843,90.398
BARBADOS,13.074,-59.492
BELGIUM,51.19,4.463
BELGIUM,50.759,4.768
BELGIUM,51.168,5.471
BELGIUM,50.902,4.499
BELGIUM,51.333,4.5
BELGIUM,49.887,5.229
BELGIUM,50.459,4.454
BELGIUM,50.576,3.831
BELGIUM,51.09,2.653
BELGIUM,50.244,4.649
BELGIUM,50.818,3.208
BELGIUM,50.637,5.443
BELGIUM,51.199,2.862
BELGIUM,50.948,5.592
BELGIUM,50.788,5.193
BELGIUM,51.144,3.474
BELGIUM,51.395,4.961
BELGIUM,51.266,4.755
BELIZE,17.539,-88.308
BENIN,6.357,2.384
BENIN,9.357,2.609
BHUTAN,27.403,89.426
BOLIVIA,-14.739,-68.411
BOLIVIA,-15.719,-63.092
BOLIVIA,-22.769,-64.315
BOLIVIA,-20.007,-63.527
BOLIVIA,-17.421,-66.177
BOLIVIA,-16.99,-65.141
BOLIVIA,-17.594,-69.434
BOLIVIA,-11.04,-68.783
BOLIVIA,-16.143,-62.026
BOLIVIA,-10.822,-65.346
BOLIVIA,-13.053,-64.662
BOLIVIA,-16.513,-68.192
BOLIVIA,-13.254,-64.063
BOLIVIA,-17.963,-67.076
BOLIVIA,-19.543,-65.724
BOLIVIA,-18.975,-57.821
BOLIVIA,-13.264,-64.605
BOLIVIA,-18.328,-59.766
BOLIVIA,-11.01,-66.073
BOLIVIA,-14.428,-67.501
BOLIVIA,-14.306,-67.354
BOLIVIA,-13.762,-65.435
BOLIVIA,-14.857,-66.737
BOLIVIA,-16.384,-60.963
BOLIVIA,-14.966,-65.634
BOLIVIA,-19.007,-65.289
BOLIVIA,-16.339,-58.402
BOLIVIA,-21.556,-64.701
BOLIVIA,-14.819,-64.918
BOLIVIA,-17.645,-63.135
BOPHUTHATSWANA,-29.319,26.823
BOSNIA-HERCEGOVINA,44.941,17.298
BOSNIA-HERCEGOVINA,43.283,17.846
BOSNIA-HERCEGOVINA,43.824,18.331
BOTSWANA,-21.159,27.474
BOTSWANA,-24.602,24.691
BOTSWANA,-17.833,25.162
BOTSWANA,-19.972,23.431
BOTSWANA,-21.266,25.32
BOTSWANA,-24.555,25.918
BOTSWANA,-22.058,27.829
BRAZIL,29.332,-100.981
BRAZIL,-8.348,-49.301
BRAZIL,-22.875,-43.384
BRAZIL,2.077,-50.862
BRAZIL,-21.812,-48.133
BRAZIL,-10.984,-37.07
BRAZIL,-22.638,-50.456
BRAZIL,-9.866,-56.106
BRAZIL,-21.141,-50.425
BRAZIL,-22.526,-52.972
BRAZIL,-1.379,-48.476
BRAZIL,-31.39,-54.112
BRAZIL,-19.852,-43.95
BRAZIL,-25.405,-49.232
BRAZIL,-21.267,-43.761
BRAZIL,-15.862,-47.913
BRAZIL,-22.345,-49.054
BRAZIL,2.846,-60.69
BRAZIL,-15.861,-52.389
BRAZIL,-25.0,-53.501
BRAZIL,-9.334,-54.965
BRAZIL,-19.634,-43.969
BRAZIL,-20.469,-54.672
BRAZIL,-27.134,-52.656
BRAZIL,-7.32,-47.459
BRAZIL,-28.726,-49.425
BRAZIL,-29.946,-51.144
BRAZIL,-21.698,-41.302
BRAZIL,-19.012,-57.673
BRAZIL,-25.528,-49.176
BRAZIL,-17.652,-39.253
BRAZIL,-29.197,-51.188
BRAZIL,-15.653,-56.117
BRAZIL,-7.6,-72.769
BRAZIL,-22.175,-51.424
BRAZIL,-3.039,-60.05
BRAZIL,-6.233,-57.777
BRAZIL,-22.813,-42.093
BRAZIL,-20.592,-47.383
BRAZIL,-25.596,-54.487
BRAZIL,-27.672,-48.548
BRAZIL,-3.855,-32.423
BRAZIL,-20.278,-49.187
BRAZIL,-20.703,-46.335
BRAZIL,-3.776,-38.532
BRAZIL,-22.809,-43.244
BRAZIL,-10.786,-65.285
BRAZIL,-16.631,-49.222
BRAZIL,-23.432,-46.469
BRAZIL,-25.184,-50.144
BRAZIL,-22.791,-45.205
BRAZIL,-3.254,-52.254
BRAZIL,-3.127,-58.481
BRAZIL,-4.242,-56.001
BRAZIL,-14.816,-39.033
BRAZIL,-19.471,-42.488
BRAZIL,-18.444,-49.213
BRAZIL,-5.531,-47.46
BRAZIL,-1.414,-48.461
BRAZIL,-21.791,-43.387
BRAZIL,-7.27,-35.896
BRAZIL,-26.225,-48.797
BRAZIL,-23.008,-47.134
BRAZIL,-27.782,-50.281
BRAZIL,-21.664,-49.73
BRAZIL,-23.334,-51.13
BRAZIL,-13.262,-43.408
BRAZIL,-19.661,-43.896
BRAZIL,-5.368,-49.138
BRAZIL,-0.89,-52.602
BRAZIL,-23.44,-51.907
BRAZIL,-16.707,-43.819
BRAZIL,-22.197,-49.926
BRAZIL,-3.146,-59.986
BRAZIL,-9.51,-35.793
BRAZIL,0.051,-51.072
BRAZIL,-5.202,-37.364
BRAZIL,-23.509,-46.638
BRAZIL,-5.811,-61.279
BRAZIL,-26.88,-48.651
BRAZIL,-28.282,-54.169
BRAZIL,-5.911,-35.248
BRAZIL,3.855,-51.797
BRAZIL,-29.994,-51.171
BRAZIL,-2.894,-41.732
BRAZIL,-21.843,-46.568
BRAZIL,-28.244,-52.326
BRAZIL,-31.718,-52.328
BRAZIL,-9.364,-40.564
BRAZIL,-10.719,-48.4
BRAZIL,-22.549,-55.703
BRAZIL,-8.709,-63.902
BRAZIL,-14.862,-40.863
BRAZIL,-9.869,-67.894
BRAZIL,-8.126,-34.923
BRAZIL,-32.083,-52.166
BRAZIL,-22.91,-43.163
BRAZIL,-21.134,-47.774
BRAZIL,-22.932,-43.719
BRAZIL,-23.229,-45.861
BRAZIL,-2.589,-44.236
BRAZIL,-29.711,-53.688
BRAZIL,-23.627,-46.655
BRAZIL,-20.816,-49.406
BRAZIL,-23.925,-46.288
BRAZIL,-12.911,-38.331
BRAZIL,-1.489,-56.397
BRAZIL,-5.06,-42.823
BRAZIL,-3.383,-64.724
BRAZIL,-8.155,-70.783
BRAZIL,-24.317,-50.651
BRAZIL,2.223,-55.946
BRAZIL,-4.256,-69.936
BRAZIL,-3.785,-49.719
BRAZIL,-0.148,-66.986
BRAZIL,-9.401,-38.251
BRAZIL,-29.782,-57.038
BRAZIL,-18.883,-48.226
BRAZIL,-20.777,-51.565
BRAZIL,-19.765,-47.965
BRAZIL,-21.59,-45.473
BRAZIL,-12.694,-60.098
BRAZIL,-20.256,-40.289
BRAZIL,0.607,-69.186
BRAZIL,-21.985,-47.338
BRUNEI,4.946,114.928
BULGARIA,42.569,27.514
BULGARIA,43.151,25.713
BULGARIA,42.068,24.851
BULGARIA,42.695,23.406
BULGARIA,42.377,25.655
BULGARIA,43.232,27.825
BURKINA FASO,12.353,-1.512
BURKINA FASO,11.16,-4.331
BURUNDI,-3.324,29.318
CAMBODIA,13.096,103.224
CAMBODIA,12.255,104.564
CAMBODIA,11.546,104.844
CAMBODIA,13.411,103.813
CAMBODIA,13.531,106.014
CAMEROON,4.089,9.36
CAMEROON,4.006,9.719
CAMEROON,4.473,14.364
CAMEROON,10.451,14.257
CAMEROON,5.637,10.751
CAMEROON,7.357,13.559
CAMEROON,9.336,13.37
CAMEROON,5.537,10.354
CAMEROON,6.039,10.123
CAMEROON,3.835,11.524
CANADA,46.485,-84.509
CANADA,50.056,-97.032
CANADA,44.64,-63.499
CANADA,51.392,-56.084
CANADA,49.082,-125.772
CANADA,68.534,-89.808
CANADA,49.132,-68.207
CANADA,48.331,-70.996
CANADA,64.299,-96.078
CANADA,49.951,-125.271
CANADA,49.91,-99.952
CANADA,69.108,-105.138
CANADA,49.052,-123.87
CANADA,49.296,-117.632
CANADA,47.008,-65.449
CANADA,47.991,-66.331
CANADA,67.817,-115.144
CANADA,52.075,-111.445
CANADA,49.153,-121.939
CANADA,70.486,-68.517
CANADA,50.332,-115.874
CANADA,64.043,-139.128
CANADA,61.371,-139.041
CANADA,49.468,-120.512
CANADA,49.211,-57.391
CANADA,58.422,-130.032
CANADA,51.101,-100.052
CANADA,55.742,-120.182
CANADA,53.667,-113.467
CANADA,53.31,-113.58
CANADA,61.094,-94.071
CANADA,49.21,-102.966
CANADA,53.579,-116.465
CANADA,79.995,-85.813
CANADA,68.304,-133.483
CANADA,63.756,-68.556
CANADA,45.869,-66.532
CANADA,48.746,-69.097
CANADA,54.678,-101.682
CANADA,61.181,-113.69
CANADA,61.76,-121.237
CANADA,44.225,-76.597
CANADA,53.625,-77.704
CANADA,48.775,-64.479
CANADA,49.778,-86.939
CANADA,47.425,-61.778
CANADA,55.283,-77.767
CANADA,56.35,-94.7
CANADA,52.817,-102.311
CANADA,49.832,-92.744
CANADA,70.763,-117.806
CANADA,68.636,-95.85
CANADA,43.173,-79.935
CANADA,45.517,-73.417
CANADA,60.84,-115.783
CANADA,44.881,-63.509
CANADA,48.774,-91.639
CANADA,72.683,-77.967
CANADA,45.294,-73.281
CANADA,48.544,-58.55
CANADA,50.702,-120.442
CANADA,43.459,-80.384
CANADA,54.805,-66.805
CANADA,51.517,-109.181
CANADA,43.862,-79.37
CANADA,47.82,-83.346
CANADA,54.125,-108.523
CANADA,53.309,-110.072
CANADA,82.518,-62.281
CANADA,49.956,-119.378
CANADA,63.617,-135.867
CANADA,50.33,-105.559
CANADA,56.653,-111.222
CANADA,51.291,-80.608
CANADA,46.274,-75.99
CANADA,45.68,-74.039
CANADA,50.19,-61.789
CANADA,45.521,-75.564
CANADA,49.762,-77.803
CANADA,67.571,-139.839
CANADA,54.405,-110.279
CANADA,58.621,-117.165
CANADA,45.323,-75.669
CANADA,53.214,-105.673
CANADA,56.227,-117.447
CANADA,49.903,-98.275
CANADA,49.216,-122.71
CANADA,51.446,-90.214
CANADA,49.836,-64.289
CANADA,44.23,-78.363
CANADA,54.286,-130.445
CANADA,58.767,-111.117
CANADA,44.975,-79.303
CANADA,46.788,-71.398
CANADA,52.179,-113.893
CANADA,42.276,-82.956
CANADA,60.118,-128.822
CANADA,49.788,-94.363
CANADA,49.63,-112.8
CANADA,46.112,-64.679
CANADA,50.183,-86.696
CANADA,49.711,-124.887
CANADA,50.432,-104.666
CANADA,48.372,-89.324
CANADA,55.18,-118.885
CANADA,51.265,-102.462
CANADA,52.769,-108.244
CANADA,48.937,-54.568
CANADA,46.161,-60.048
CANADA,53.026,-122.51
CANADA,74.717,-94.969
CANADA,47.764,-69.585
CANADA,48.52,-72.266
CANADA,52.43,-114.904
CANADA,62.811,-92.116
CANADA,46.625,-80.799
CANADA,45.438,-71.691
CANADA,45.316,-65.89
CANADA,60.022,-111.96
CANADA,72.982,-84.614
CANADA,46.443,-63.831
CANADA,71.994,-125.243
CANADA,64.23,-76.527
CANADA,55.801,-97.864
CANADA,44.119,-77.528
CANADA,48.57,-81.377
CANADA,43.627,-79.396
CANADA,69.433,-133.026
CANADA,45.468,-73.741
CANADA,66.521,-86.225
CANADA,68.776,-81.244
CANADA,48.206,-78.836
CANADA,55.151,-105.262
CANADA,53.356,-110.824
CANADA,67.546,-64.031
CANADA,48.053,-77.783
CANADA,58.096,-68.427
CANADA,65.282,-126.8
CANADA,49.195,-123.182
CANADA,55.842,-108.418
CANADA,44.746,-81.107
CANADA,45.952,-77.319
CANADA,49.91,-97.234
CANADA,52.922,-66.864
CANADA,52.183,-122.054
CANADA,63.209,-123.437
CANADA,49.61,-115.782
CANADA,53.573,-113.521
CANADA,52.171,-106.7
CANADA,50.019,-110.721
CANADA,56.238,-120.74
CANADA,50.114,-91.904
CANADA,66.145,-65.714
CANADA,47.695,-79.849
CANADA,53.889,-122.679
CANADA,54.466,-128.577
CANADA,43.036,-81.154
CANADA,49.025,-122.363
CANADA,60.709,-135.068
CANADA,46.364,-79.423
CANADA,51.114,-114.02
CANADA,54.825,-127.183
CANADA,58.836,-122.597
CANADA,49.463,-119.602
CANADA,46.29,-63.121
CANADA,69.547,-93.577
CANADA,48.647,-123.426
CANADA,56.864,-101.076
CANADA,50.292,-107.691
CANADA,58.739,-94.065
CANADA,53.319,-60.426
CANADA,47.619,-52.752
CANADA,49.414,-82.468
CANADA,50.29,-88.91
CANADA,48.609,-68.208
CANADA,43.677,-79.631
CANADA,43.742,-79.466
CANADA,45.885,-82.568
CANADA,62.463,-114.44
CANADA,55.293,-114.778
CANADA,53.254,-131.814
CANADA,42.999,-82.309
CANADA,50.681,-127.367
CANADA,54.144,-115.787
CANADA,50.223,-66.266
CANADA,60.173,-132.743
CANADA,44.984,-64.917
CANADA,62.208,-133.376
CANADA,67.408,-134.86
CANARY ISLANDS,28.453,-13.864
CANARY ISLANDS,27.815,-17.887
CANARY ISLANDS,27.932,-15.386
CANARY ISLANDS,28.945,-13.605
CANARY ISLANDS,28.044,-16.572
CANARY ISLANDS,28.482,-16.341
CAPE VERDE ISLANDS,16.741,-22.949
CAPE VERDE ISLANDS,16.137,-22.889
CAPE VERDE ISLANDS,14.924,-23.493
CAPE VERDE ISLANDS,15.156,-23.214
CAPE VERDE ISLANDS,16.588,-24.284
CAPE VERDE ISLANDS,16.834,-25.057
CAYMAN ISLANDS,19.687,-79.883
CAYMAN ISLANDS,19.293,-81.357
CENTRAL AFRICAN REP.,4.398,18.519
CENTRAL AFRICAN REP.,4.784,22.781
CENTRAL AFRICAN REP.,10.236,22.717
CENTRAL AFRICAN REP.,5.847,20.649
CENTRAL AFRICAN REP.,8.427,20.635
CENTRAL AFRICAN REP.,5.958,15.637
CENTRAL AFRICAN REP.,6.528,21.989
CENTRAL AFRICAN REP.,4.221,15.786
CENTRAL AFRICAN REP.,45.154,-89.111
CHAD,9.151,18.379
CHAD,13.847,20.844
CHAD,8.62,16.068
CHAD,12.134,15.034
CHAD,9.379,14.926
CHAD,17.917,19.111
CHILE,-41.906,-73.797
CHILE,-43.615,-71.807
CHILE,-18.348,-70.339
CHILE,-45.916,-71.689
CHILE,-33.562,-70.688
CHILE,-46.582,-71.698
CHILE,-22.499,-68.904
CHILE,-36.583,-72.032
CHILE,-53.003,-70.855
CHILE,-45.594,-72.106
CHILE,-20.535,-70.181
CHILE,-33.393,-70.786
CHILE,-23.444,-70.445
CHILE,-53.254,-70.319
CHILE,-37.402,-72.426
CHILE,-54.931,-67.626
CHILE,-27.296,-70.414
CHILE,-34.967,-71.217
CHILE,-36.773,-73.063
CHILE,-27.165,-109.422
CHILE,-40.611,-73.06
CHILE,-28.598,-70.759
CHILE,-34.174,-70.776
CHILE,-29.916,-71.191
CHILE,-33.657,-71.616
CHILE,-42.491,-73.774
CHILE,-33.456,-70.547
CHILE,-38.769,-72.636
CHILE,-41.439,-73.094
CHILE,-33.493,-70.698
CHILE,-42.933,-72.699
CHILE,-39.65,-73.086
CHINA,40.08,116.584
CHINA,40.853,111.822
CHINA,49.205,119.825
CHINA,38.281,114.696
CHINA,39.124,117.346
CHINA,37.747,112.629
CHINA,23.184,113.266
CHINA,28.189,113.219
CHINA,25.218,110.039
CHINA,22.608,108.172
CHINA,23.4,116.683
CHINA,22.639,113.812
CHINA,34.519,113.841
CHINA,30.784,114.208
CHINA,30.552,111.469
CHINA,36.517,103.622
CHINA,34.446,108.752
CHINA,21.975,100.76
CHINA,24.992,102.743
CHINA,24.544,118.127
CHINA,28.6,115.917
CHINA,25.933,119.662
CHINA,30.228,120.432
CHINA,29.825,121.465
CHINA,31.74,118.86
CHINA,31.78,117.298
CHINA,36.263,120.375
CHINA,31.198,121.336
CHINA,37.402,121.372
CHINA,29.719,106.641
CHINA,30.578,103.947
CHINA,27.989,102.184
CHINA,39.543,76.022
CHINA,37.038,79.866
CHINA,43.907,87.474
CHINA,45.623,126.25
CHINA,46.843,130.465
CHINA,44.524,129.569
CHINA,38.966,121.538
CHINA,42.882,129.448
CHRISTMAS ISLAND,-10.451,105.69
COLOMBIA,25.986,63.03
COLOMBIA,4.454,-75.765
COLOMBIA,0.505,-76.501
COLOMBIA,9.045,-73.975
COLOMBIA,7.126,-73.185
COLOMBIA,4.701,-74.147
COLOMBIA,10.889,-74.781
COLOMBIA,6.203,-77.394
COLOMBIA,3.819,-76.99
COLOMBIA,7.928,-72.511
COLOMBIA,5.072,-76.676
COLOMBIA,10.442,-75.513
COLOMBIA,3.543,-76.381
COLOMBIA,1.814,-78.749
COLOMBIA,9.332,-75.286
COLOMBIA,7.024,-73.807
COLOMBIA,1.59,-75.564
COLOMBIA,4.276,-74.797
COLOMBIA,4.758,-75.956
COLOMBIA,2.57,-77.898
COLOMBIA,4.812,-74.065
COLOMBIA,4.421,-75.133
COLOMBIA,0.862,-77.672
COLOMBIA,7.812,-76.716
COLOMBIA,11.232,-72.49
COLOMBIA,-4.193,-69.943
COLOMBIA,6.22,-75.591
COLOMBIA,9.283,-74.839
COLOMBIA,8.824,-75.826
COLOMBIA,1.254,-70.234
COLOMBIA,5.03,-75.465
COLOMBIA,2.95,-75.294
COLOMBIA,8.315,-73.358
COLOMBIA,7.01,-74.715
COLOMBIA,12.221,-71.985
COLOMBIA,6.184,-67.493
COLOMBIA,4.813,-75.739
COLOMBIA,1.858,-76.086
COLOMBIA,2.454,-76.61
COLOMBIA,1.396,-77.291
COLOMBIA,13.357,-81.358
COLOMBIA,5.213,-74.884
COLOMBIA,6.164,-75.423
COLOMBIA,11.526,-72.926
COLOMBIA,6.958,-71.855
COLOMBIA,2.579,-72.639
COLOMBIA,11.119,-74.231
COLOMBIA,12.583,-81.711
COLOMBIA,2.152,-74.766
COLOMBIA,5.43,-71.658
COLOMBIA,6.451,-71.76
COLOMBIA,8.074,-76.741
COLOMBIA,7.069,-70.737
COLOMBIA,5.691,-76.641
COLOMBIA,4.088,-76.235
COLOMBIA,10.435,-73.249
COLOMBIA,4.168,-73.614
COLOMBIA,5.319,-72.384
COMOROS ISLANDS,-11.534,43.272
COMOROS ISLANDS,-12.298,43.766
COMOROS ISLANDS,-11.711,43.244
COMOROS ISLANDS,-12.132,44.43
CONGO,-4.252,15.253
CONGO,1.589,18.047
CONGO,-0.021,15.575
CONGO,-0.531,15.95
CONGO,1.616,16.038
CONGO,-3.483,12.617
CONGO,-4.208,12.661
CONGO,-4.813,11.886
COOK ISLANDS,-18.825,-159.774
COOK ISLANDS,-21.203,-159.806
CORSE ISL.,42.554,9.483
CORSE ISL.,42.531,8.793
CORSE ISL.,41.501,9.098
CORSE ISL.,41.924,8.803
CORSE ISL.,41.924,9.406
COSTA RICA,9.167,-83.332
COSTA RICA,10.769,-83.586
COSTA RICA,8.601,-82.97
COSTA RICA,10.356,-85.853
COSTA RICA,10.202,-83.472
COSTA RICA,8.916,-83.507
COSTA RICA,8.652,-83.065
COSTA RICA,8.654,-83.182
COSTA RICA,10.217,-83.795
COSTA RICA,10.593,-85.544
COSTA RICA,11.035,-84.706
COSTA RICA,9.958,-83.022
COSTA RICA,9.976,-85.653
COSTA RICA,9.994,-84.209
COSTA RICA,9.732,-82.983
COSTA RICA,8.951,-83.468
COSTA RICA,9.957,-84.142
COSTA RICA,9.443,-84.13
COSTA RICA,10.288,-83.714
COSTA RICA,8.826,-82.959
CROATIA,42.561,18.268
CROATIA,45.542,18.636
CROATIA,45.463,18.811
CROATIA,44.893,13.922
CROATIA,45.379,14.504
CROATIA,45.217,14.57
CROATIA,43.539,16.298
CROATIA,46.295,16.381
CROATIA,45.743,16.069
CROATIA,44.108,15.347
CROATIA,44.557,15.774
CUBA,20.366,-74.506
CUBA,20.396,-76.621
CUBA,22.027,-78.789
CUBA,22.506,-79.47
CUBA,22.461,-78.329
CUBA,22.15,-80.414
CUBA,21.616,-81.546
CUBA,21.42,-77.847
CUBA,19.97,-75.836
CUBA,21.5,-78.203
CUBA,19.906,-75.207
CUBA,20.085,-75.158
CUBA,22.989,-82.409
CUBA,20.786,-76.315
CUBA,22.336,-83.642
CUBA,22.97,-82.275
CUBA,23.007,-82.767
CUBA,20.654,-74.922
CUBA,20.288,-77.089
CUBA,20.689,-75.531
CUBA,21.835,-82.784
CUBA,23.033,-82.579
CUBA,22.421,-83.678
CUBA,22.871,-82.509
CUBA,22.492,-79.944
CUBA,22.095,-84.152
CUBA,21.509,-77.017
CUBA,21.642,-82.955
CUBA,21.971,-79.442
CUBA,21.788,-79.997
CUBA,23.034,-81.435
CUBA,20.988,-76.936
CYPRUS,34.875,33.625
CYPRUS,34.718,32.486
CYPRUS,34.59,32.988
CZECH REPUBLIC,48.946,14.427
CZECH REPUBLIC,49.684,15.676
CZECH REPUBLIC,49.939,15.382
CZECH REPUBLIC,50.253,15.845
CZECH REPUBLIC,50.121,14.544
CZECH REPUBLIC,49.029,17.44
CZECH REPUBLIC,50.203,12.915
CZECH REPUBLIC,49.675,13.274
CZECH REPUBLIC,50.54,15.006
CZECH REPUBLIC,49.696,18.111
CZECH REPUBLIC,49.166,16.125
CZECH REPUBLIC,50.013,15.739
CZECH REPUBLIC,49.719,14.097
CZECH REPUBLIC,49.426,17.405
CZECH REPUBLIC,50.101,14.26
CZECH REPUBLIC,49.245,14.714
CZECH REPUBLIC,49.151,16.694
CZECH REPUBLIC,50.216,14.396
DENMARK,56.304,10.619
DENMARK,55.74,9.152
DENMARK,55.618,12.656
DENMARK,55.526,8.553
DENMARK,55.941,12.382
DENMARK,56.397,8.443
DENMARK,56.297,9.124
DENMARK,57.278,11.001
DENMARK,54.699,11.44
DENMARK,55.476,10.329
DENMARK,54.87,9.279
DENMARK,55.586,12.131
DENMARK,55.063,14.759
DENMARK,54.964,9.792
DENMARK,57.503,10.229
DENMARK,55.225,9.264
DENMARK,56.55,9.173
DENMARK,57.069,8.705
DENMARK,55.697,9.193
DENMARK,55.436,9.331
DENMARK,56.847,9.459
DENMARK,55.99,8.354
DENMARK,55.767,12.343
DENMARK,57.093,9.849
DIEGO GARCIA ISLAND,-7.313,72.411
DOMINICA,15.337,-61.392
DOMINICA,15.547,-61.3
DOMINICAN REPUBLIC,19.199,-69.43
DOMINICAN REPUBLIC,18.251,-71.12
DOMINICAN REPUBLIC,17.929,-71.645
DOMINICAN REPUBLIC,18.908,-70.72
DOMINICAN REPUBLIC,18.471,-69.969
DOMINICAN REPUBLIC,18.452,-68.912
DOMINICAN REPUBLIC,18.567,-68.363
DOMINICAN REPUBLIC,19.757,-70.57
DOMINICAN REPUBLIC,18.429,-69.669
DOMINICAN REPUBLIC,18.504,-69.762
DOMINICAN REPUBLIC,19.409,-70.616
EAST TIMOR,-9.303,125.287
ECUADOR,-1.212,-78.574
ECUADOR,-1.706,-79.379
ECUADOR,-0.463,-76.986
ECUADOR,-2.889,-78.984
ECUADOR,-2.158,-79.884
ECUADOR,-3.423,-78.573
ECUADOR,0.338,-78.136
ECUADOR,0.092,-76.869
ECUADOR,-1.704,-79.552
ECUADOR,-1.501,-79.481
ECUADOR,-0.907,-78.616
ECUADOR,-4.38,-79.941
ECUADOR,-2.299,-78.121
ECUADOR,-3.269,-79.962
ECUADOR,-2.067,-76.975
ECUADOR,-0.946,-80.678
ECUADOR,-2.851,-79.804
ECUADOR,-1.74,-79.622
ECUADOR,0.073,-80.052
ECUADOR,-1.041,-80.472
ECUADOR,-0.141,-78.488
ECUADOR,-1.654,-78.656
ECUADOR,-3.435,-79.978
ECUADOR,-2.205,-80.989
ECUADOR,-0.248,-79.214
ECUADOR,-0.91,-89.616
ECUADOR,-2.261,-79.689
ECUADOR,-0.987,-77.819
ECUADOR,-0.123,-76.337
ECUADOR,0.809,-77.708
EGYPT,31.073,33.836
EGYPT,27.046,31.012
EGYPT,31.184,29.949
EGYPT,22.376,31.612
EGYPT,30.122,31.406
EGYPT,30.116,30.915
EGYPT,30.074,31.192
EGYPT,27.184,33.798
EGYPT,31.069,34.129
EGYPT,25.671,32.706
EGYPT,31.325,27.222
EGYPT,31.279,32.24
EGYPT,28.685,34.063
EGYPT,23.964,32.82
EGYPT,28.209,33.645
EL SALVADOR,13.441,-89.056
EL SALVADOR,13.7,-89.12
ENGALND,51.477,-0.461
ENGLAND,54.399,-7.652
ENGLAND,52.454,-1.748
ENGLAND,52.37,-1.48
ENGLAND,52.608,-1.032
ENGLAND,51.894,-2.167
ENGLAND,52.92,-1.079
ENGLAND,52.517,-2.26
ENGLAND,53.354,-2.275
ENGLAND,53.338,-2.149
ENGLAND,51.087,-4.15
ENGLAND,50.441,-4.995
ENGLAND,51.152,-1.747
ENGLAND,50.086,-5.256
ENGLAND,51.833,-4.961
ENGLAND,51.605,-4.068
ENGLAND,51.383,-2.719
ENGLAND,53.334,-2.85
ENGLAND,51.874,-0.368
ENGLAND,50.423,-4.106
ENGLAND,50.78,-1.843
ENGLAND,50.95,-1.357
ENGLAND,51.185,-1.032
ENGLAND,49.208,-2.195
ENGLAND,50.836,-0.297
ENGLAND,51.331,0.033
ENGLAND,51.148,-0.19
ENGLAND,51.505,0.054
ENGLAND,51.276,-0.776
ENGLAND,51.676,-1.081
ENGLAND,51.324,-0.848
ENGLAND,51.571,0.696
ENGLAND,51.342,1.346
ENGLAND,53.719,-0.566
ENGLAND,54.938,-2.809
ENGLAND,53.772,-3.029
ENGLAND,53.574,-0.351
ENGLAND,54.13,-3.256
ENGLAND,53.866,-1.661
ENGLAND,53.178,-2.978
ENGLAND,54.083,-4.624
ENGLAND,55.038,-1.692
ENGLAND,54.509,-1.429
ENGLAND,52.831,-1.328
ENGLAND,52.812,-4.123
ENGLAND,51.383,-0.783
ENGLAND,52.205,0.175
ENGLAND,52.468,-0.251
ENGLAND,52.676,1.283
ENGLAND,51.885,0.235
ENGLAND,53.394,-1.388
ENGLAND,52.072,-0.617
ENGLAND,51.117,-0.534
ENGLAND,50.734,-3.414
ENGLAND,51.519,-2.591
ENGLAND,51.767,0.25
ENGLAND,51.837,-1.32
ENGLAND,51.616,-1.096
ENGLAND,52.409,0.561
ENGLAND,52.361,0.488
ENGLAND,51.682,-1.79
ENGLAND,51.75,-1.584
ENGLAND,52.64,-2.306
ENGLAND,53.093,-0.166
ENGLAND,54.137,-1.42
ENGLAND,54.292,-1.535
ENGLAND,53.834,-1.195
ENGLAND,52.343,0.773
ENGLAND,52.736,-0.649
ENGLAND,54.049,-1.252
ENGLAND,52.755,1.357
ENGLAND,53.031,-0.481
ENGLAND,52.962,-0.561
EQUATORIAL GUINEA,1.905,9.806
EQUATORIAL GUINEA,3.755,8.709
ESTONIA,59.259,24.204
ESTONIA,58.991,22.831
ESTONIA,58.23,22.509
ESTONIA,58.419,24.473
ESTONIA,59.413,24.833
ESTONIA,58.307,26.69
ETHIOPIA,8.977,38.8
ETHIOPIA,9.004,38.726
ETHIOPIA,11.608,37.321
ETHIOPIA,9.625,41.854
ETHIOPIA,8.128,34.563
ETHIOPIA,12.518,37.432
ETHIOPIA,8.716,39.008
ETHIOPIA,7.666,36.816
ETHIOPIA,11.975,38.98
ETHIOPIA,13.467,39.533
FALKLAND ISLANDS,-51.823,-58.447
FALKLAND ISLANDS,-51.686,-57.777
FAROE ISL.,62.064,-7.277
FIJI,-17.754,177.443
FIJI,-18.043,178.559
FIJI,-16.467,179.34
FINLAND,68.362,23.424
FINLAND,61.116,22.201
FINLAND,61.856,24.786
FINLAND,60.254,25.043
FINLAND,60.32,24.956
FINLAND,61.689,23.074
FINLAND,59.849,23.083
FINLAND,60.654,24.881
FINLAND,60.463,23.652
FINLAND,61.249,28.904
FINLAND,62.166,30.074
FINLAND,68.607,27.405
FINLAND,62.659,29.624
FINLAND,62.399,25.678
FINLAND,63.127,23.051
FINLAND,65.782,24.599
FINLAND,64.285,27.692
FINLAND,62.463,22.393
FINLAND,63.721,23.143
FINLAND,66.713,27.157
FINLAND,65.987,29.239
FINLAND,67.701,24.847
FINLAND,63.007,27.798
FINLAND,61.144,25.693
FINLAND,61.044,28.144
FINLAND,60.122,19.898
FINLAND,62.947,23.519
FINLAND,61.686,27.202
FINLAND,60.334,24.296
FINLAND,64.93,25.354
FINLAND,61.246,22.193
FINLAND,61.462,21.8
FINLAND,65.402,26.947
FINLAND,63.732,25.926
FINLAND,64.688,24.696
FINLAND,62.065,28.356
FINLAND,66.565,25.83
FINLAND,60.745,24.108
FINLAND,61.943,28.945
FINLAND,61.062,26.799
FINLAND,67.395,26.619
FINLAND,61.414,23.604
FINLAND,61.773,24.027
FINLAND,60.514,22.263
FINLAND,60.896,26.938
FINLAND,63.051,21.761
FINLAND,62.171,27.869
FINLAND,64.06,24.716
FORMER MACEDONIA,41.18,20.742
FORMER MACEDONIA,41.961,21.621
FRANCE,50.962,1.955
FRANCE,49.869,3.028
FRANCE,48.594,3.005
FRANCE,48.546,-0.387
FRANCE,49.971,2.7
FRANCE,50.515,1.627
FRANCE,50.326,3.461
FRANCE,49.871,2.386
FRANCE,44.175,0.591
FRANCE,44.533,-1.125
FRANCE,44.828,-0.716
FRANCE,44.825,0.519
FRANCE,43.546,1.367
FRANCE,45.658,-0.318
FRANCE,46.588,0.307
FRANCE,46.224,2.363
FRANCE,45.863,1.179
FRANCE,43.912,-0.507
FRANCE,46.311,-0.401
FRANCE,43.629,1.364
FRANCE,43.38,-0.419
FRANCE,43.449,1.263
FRANCE,43.179,-0.006
FRANCE,45.729,0.221
FRANCE,45.151,1.469
FRANCE,45.198,0.816
FRANCE,43.468,-1.523
FRANCE,44.351,1.475
FRANCE,43.008,1.103
FRANCE,44.596,-1.111
FRANCE,43.914,2.113
FRANCE,43.556,2.289
FRANCE,43.586,1.499
FRANCE,43.99,3.183
FRANCE,44.408,2.482
FRANCE,45.535,2.424
FRANCE,44.397,0.759
FRANCE,45.628,-0.973
FRANCE,44.146,-1.174
FRANCE,43.709,-0.245
FRANCE,44.026,1.378
FRANCE,43.688,0.602
FRANCE,44.982,-0.135
FRANCE,43.091,1.696
FRANCE,44.499,0.2
FRANCE,45.888,-0.983
FRANCE,48.463,-5.064
FRANCE,48.058,-2.922
FRANCE,48.052,-3.664
FRANCE,46.719,-2.391
FRANCE,47.408,-1.177
FRANCE,48.43,4.481
FRANCE,48.11,7.359
FRANCE,47.006,4.893
FRANCE,47.039,5.427
FRANCE,47.992,3.392
FRANCE,49.122,5.469
FRANCE,44.544,4.372
FRANCE,45.079,3.765
FRANCE,45.076,2.994
FRANCE,46.201,5.292
FRANCE,45.916,4.641
FRANCE,46.534,3.424
FRANCE,44.177,2.515
FRANCE,43.569,1.481
FRANCE,48.982,6.254
FRANCE,41.663,8.89
FRANCE,42.294,9.193
FRANCE,47.85,3.497
FRANCE,45.638,5.88
FRANCE,45.786,3.169
FRANCE,47.058,2.37
FRANCE,45.561,5.976
FRANCE,46.826,4.817
FRANCE,46.192,6.268
FRANCE,45.726,5.091
FRANCE,46.295,4.796
FRANCE,46.413,4.013
FRANCE,46.058,4.001
FRANCE,45.929,6.099
FRANCE,45.363,5.329
FRANCE,46.352,2.57
FRANCE,44.921,4.97
FRANCE,46.169,3.404
FRANCE,44.891,2.422
FRANCE,46.862,1.731
FRANCE,45.728,4.945
FRANCE,43.505,5.368
FRANCE,43.384,6.387
FRANCE,43.542,6.953
FRANCE,45.54,4.296
FRANCE,43.523,4.924
FRANCE,43.216,2.306
FRANCE,43.436,5.214
FRANCE,43.661,7.218
FRANCE,44.14,4.867
FRANCE,42.74,2.871
FRANCE,43.252,5.785
FRANCE,44.069,4.142
FRANCE,43.576,3.963
FRANCE,43.324,3.356
FRANCE,43.907,4.902
FRANCE,43.606,5.109
FRANCE,43.176,2.734
FRANCE,44.502,3.533
FRANCE,44.03,5.078
FRANCE,47.053,2.632
FRANCE,49.454,2.113
FRANCE,48.058,1.376
FRANCE,47.257,-0.115
FRANCE,49.029,1.22
FRANCE,49.534,0.088
FRANCE,50.143,1.832
FRANCE,47.988,1.761
FRANCE,48.776,4.184
FRANCE,49.384,1.175
FRANCE,47.432,0.728
FRANCE,47.082,-0.877
FRANCE,48.031,-0.743
FRANCE,47.897,2.163
FRANCE,48.969,2.441
FRANCE,49.253,2.519
FRANCE,49.013,2.55
FRANCE,48.838,3.016
FRANCE,48.605,2.671
FRANCE,48.752,2.106
FRANCE,48.725,2.359
FRANCE,49.096,2.041
FRANCE,48.774,2.201
FRANCE,48.597,2.331
FRANCE,49.208,4.157
FRANCE,48.323,4.018
FRANCE,48.597,6.545
FRANCE,49.227,5.672
FRANCE,46.966,4.26
FRANCE,47.001,3.114
FRANCE,50.222,3.154
FRANCE,50.31,4.033
FRANCE,47.208,6.083
FRANCE,48.766,7.2
FRANCE,50.562,3.089
FRANCE,50.618,2.642
FRANCE,49.784,4.647
FRANCE,47.638,6.204
FRANCE,47.497,-0.573
FRANCE,48.448,-4.418
FRANCE,49.65,-1.47
FRANCE,48.588,-2.08
FRANCE,47.289,-2.346
FRANCE,48.883,-1.564
FRANCE,49.365,0.154
FRANCE,47.761,-3.44
FRANCE,46.702,-1.379
FRANCE,48.53,-4.151
FRANCE,49.173,-0.45
FRANCE,48.282,-4.445
FRANCE,47.949,0.202
FRANCE,48.069,-1.735
FRANCE,48.754,-3.471
FRANCE,47.975,-4.168
FRANCE,47.153,-1.611
FRANCE,48.538,-2.854
FRANCE,48.603,-3.816
FRANCE,47.723,-2.718
FRANCE,47.312,-2.149
FRANCE,47.589,7.53
FRANCE,47.922,7.399
FRANCE,47.269,5.09
FRANCE,49.072,6.132
FRANCE,48.325,6.07
FRANCE,48.793,7.816
FRANCE,48.636,4.899
FRANCE,48.78,5.98
FRANCE,47.487,6.792
FRANCE,48.692,6.23
FRANCE,48.583,5.955
FRANCE,46.904,6.327
FRANCE,49.31,4.05
FRANCE,48.538,7.628
FRANCE,47.783,6.364
FRANCE,43.248,6.127
FRANCE,43.097,6.146
FRANCE,43.757,4.416
FRANCE,47.095,-56.38
FRANCE,45.987,5.328
FRANCE,44.057,5.495
FRANCE,48.085,5.665
FRANCE,50.141,3.263
FRANCE,47.335,5.514
FRANCE,47.704,6.546
FRANCE,49.758,3.212
FRENCH GUYANA,4.82,-52.36
FRENCH GUYANA,3.897,-51.804
FRENCH POLYNESIA,-22.434,-151.361
FRENCH POLYNESIA,-23.365,-149.524
FRENCH POLYNESIA,-17.353,-145.51
FRENCH POLYNESIA,-15.82,-140.887
FRENCH POLYNESIA,-15.119,-148.231
FRENCH POLYNESIA,-18.466,-136.439
FRENCH POLYNESIA,-16.054,-145.657
FRENCH POLYNESIA,-14.437,-146.07
FRENCH POLYNESIA,-23.08,-134.89
FRENCH POLYNESIA,-16.585,-143.657
FRENCH POLYNESIA,-14.177,-141.267
FRENCH POLYNESIA,-14.809,-138.813
FRENCH POLYNESIA,-14.712,-145.253
FRENCH POLYNESIA,-14.868,-148.717
FRENCH POLYNESIA,-20.783,-138.568
FRENCH POLYNESIA,-14.456,-145.024
FRENCH POLYNESIA,-8.796,-140.229
FRENCH POLYNESIA,-9.769,-139.011
FRENCH POLYNESIA,-16.444,-151.751
FRENCH POLYNESIA,-14.954,-147.661
FRENCH POLYNESIA,-16.687,-151.022
FRENCH POLYNESIA,-17.49,-149.762
FRENCH POLYNESIA,-16.426,-152.244
FRENCH POLYNESIA,-16.723,-151.466
FRENCH POLYNESIA,-21.808,-138.794
GABON,1.541,11.581
GABON,-0.665,13.673
GABON,-0.704,10.246
GABON,2.076,11.493
GABON,-1.537,13.269
GABON,-0.712,8.754
GABON,-1.575,9.263
GABON,0.579,12.891
GABON,0.458,9.412
GABON,0.776,11.553
GABON,-1.656,13.438
GABON,-0.826,12.747
GABON,-2.889,10.919
GALAPAGOS I. (ECUADOR,-0.454,-90.266
GAMBIA,13.338,-16.652
GEORGIA,41.669,44.955
GEORGIA,42.858,41.128
GERMANY,51.193,14.52
GERMANY,50.982,12.506
GERMANY,51.832,12.186
GERMANY,52.197,14.586
GERMANY,53.879,14.152
GERMANY,51.308,13.555
GERMANY,51.363,11.941
GERMANY,51.552,12.053
GERMANY,51.294,13.359
GERMANY,53.306,12.753
GERMANY,52.58,13.916
GERMANY,52.203,13.159
GERMANY,51.856,11.418
GERMANY,35.461,-77.965
GERMANY,54.338,12.71
GERMANY,50.917,11.714
GERMANY,52.919,12.425
GERMANY,52.074,11.626
GERMANY,51.328,12.657
GERMANY,51.364,14.952
GERMANY,53.833,13.669
GERMANY,51.889,14.532
GERMANY,51.721,11.962
GERMANY,51.296,14.129
GERMANY,52.38,13.523
GERMANY,51.133,13.767
GERMANY,50.98,10.958
GERMANY,50.026,8.543
GERMANY,52.134,7.685
GERMANY,53.63,9.988
GERMANY,52.473,13.404
GERMANY,50.866,7.143
GERMANY,51.289,6.767
GERMANY,48.354,11.786
GERMANY,49.499,11.078
GERMANY,51.424,12.236
GERMANY,49.214,7.109
GERMANY,48.69,9.222
GERMANY,52.559,13.287
GERMANY,52.461,9.685
GERMANY,53.047,8.787
GERMANY,49.961,8.644
GERMANY,49.95,7.264
GERMANY,49.473,8.514
GERMANY,51.035,8.679
GERMANY,49.606,8.368
GERMANY,49.969,8.147
GERMANY,50.993,10.473
GERMANY,50.708,8.082
GERMANY,53.535,9.835
GERMANY,54.379,10.145
GERMANY,53.805,10.719
GERMANY,50.823,6.187
GERMANY,50.406,6.528
GERMANY,51.099,7.602
GERMANY,51.483,7.899
GERMANY,51.53,6.537
GERMANY,51.401,6.936
GERMANY,51.23,6.504
GERMANY,51.614,8.616
GERMANY,51.996,6.84
GERMANY,51.518,7.612
GERMANY,48.425,10.932
GERMANY,48.111,9.763
GERMANY,48.396,12.724
GERMANY,48.081,11.283
GERMANY,48.901,12.518
GERMANY,48.636,13.195
GERMANY,47.859,10.014
GERMANY,47.671,9.511
GERMANY,53.427,11.783
GERMANY,52.629,11.82
GERMANY,48.778,10.264
GERMANY,50.263,10.996
GERMANY,49.984,11.638
GERMANY,49.794,11.132
GERMANY,50.289,11.855
GERMANY,49.863,11.788
GERMANY,50.018,10.529
GERMANY,50.325,7.531
GERMANY,49.863,6.789
GERMANY,49.302,8.451
GERMANY,49.209,7.401
GERMANY,48.791,8.187
GERMANY,47.973,8.522
GERMANY,48.02,7.834
GERMANY,48.982,8.333
GERMANY,48.054,9.373
GERMANY,49.118,9.777
GERMANY,51.608,13.738
GERMANY,52.319,10.556
GERMANY,51.408,9.378
GERMANY,52.177,9.946
GERMANY,53.503,8.573
GERMANY,53.143,8.623
GERMANY,53.391,7.227
GERMANY,53.272,7.443
GERMANY,53.505,8.053
GERMANY,53.595,6.709
GERMANY,53.707,7.23
GERMANY,54.772,9.378
GERMANY,54.221,9.601
GERMANY,54.913,8.34
GERMANY,49.973,6.692
GERMANY,49.438,7.601
GERMANY,49.92,10.914
GERMANY,49.65,7.3
GERMANY,49.648,9.966
GERMANY,52.278,9.082
GERMANY,52.591,10.022
GERMANY,52.291,7.387
GERMANY,51.114,9.286
GERMANY,53.994,9.578
GERMANY,48.22,9.91
GERMANY,50.366,7.315
GERMANY,49.392,9.958
GERMANY,49.218,11.101
GERMANY,52.919,10.184
GERMANY,51.768,14.292
GERMANY,49.699,11.941
GERMANY,50.169,8.961
GERMANY,49.393,8.652
GERMANY,49.218,11.836
GERMANY,49.743,10.201
GERMANY,54.625,9.341
GERMANY,53.767,8.658
GERMANY,52.585,8.341
GERMANY,50.961,6.042
GERMANY,54.312,9.538
GERMANY,53.533,7.889
GERMANY,53.918,12.279
GERMANY,50.831,6.658
GERMANY,52.339,7.541
GERMANY,51.664,14.634
GERMANY,54.459,9.516
GERMANY,53.548,7.667
GERMANY,53.602,13.306
GERMANY,52.457,9.427
GERMANY,49.634,11.767
GERMANY,49.563,8.463
GERMANY,50.05,8.325
GERMANY,48.071,10.906
GERMANY,50.174,7.063
GERMANY,48.322,11.949
GERMANY,48.206,11.267
GERMANY,51.768,13.167
GERMANY,48.716,11.534
GERMANY,48.186,10.862
GERMANY,47.989,10.239
GERMANY,48.711,11.211
GERMANY,51.602,6.143
GERMANY,51.923,8.306
GERMANY,51.2,6.132
GHANA,5.603,-0.168
GHANA,9.563,-0.863
GHANA,10.082,-2.507
GHANA,7.362,-2.329
GHANA,4.893,-1.775
GIBRALTAR,36.151,-5.349
GREECE,37.921,21.293
GREECE,38.602,21.351
GREECE,40.856,25.956
GREECE,37.888,23.732
GREECE,40.651,22.489
GREECE,39.219,22.794
GREECE,38.064,23.556
GREECE,38.343,26.141
GREECE,39.696,20.822
GREECE,35.339,25.18
GREECE,40.449,21.276
GREECE,36.274,23.017
GREECE,38.12,20.501
GREECE,37.068,22.026
GREECE,40.972,24.342
GREECE,36.793,27.092
GREECE,35.421,27.146
GREECE,39.602,19.912
GREECE,35.421,26.91
GREECE,40.913,24.619
GREECE,40.286,21.841
GREECE,37.185,26.8
GREECE,39.917,25.236
GREECE,39.65,22.465
GREECE,37.981,23.365
GREECE,37.435,25.348
GREECE,38.145,24.014
GREECE,39.057,26.598
GREECE,38.925,20.765
GREECE,36.383,28.109
GREECE,36.405,28.086
GREECE,38.151,21.426
GREECE,35.532,24.149
GREECE,39.177,23.504
GREECE,37.69,26.912
GREECE,37.423,24.951
GREECE,36.973,22.526
GREECE,36.4,25.479
GREECE,35.214,26.098
GREECE,39.48,22.767
GREECE,38.968,24.487
GREECE,38.34,23.565
GREECE,35.187,25.327
GREECE,37.531,22.405
GREECE,40.52,22.971
GREECE,38.109,23.784
GREECE,37.75,20.882
GREENLAND,61.161,-45.427
GREENLAND,70.739,-22.646
GREENLAND,64.191,-51.678
GREENLAND,69.233,-51.067
GREENLAND,65.583,-37.15
GREENLAND,67.017,-50.689
GREENLAND,76.531,-68.703
GRENADA,12.004,-61.786
GUATEMALA,15.473,-88.837
GUATEMALA,15.469,-90.407
GUATEMALA,14.583,-90.528
GUATEMALA,15.731,-88.584
GUATEMALA,16.326,-89.417
GUATEMALA,14.865,-91.502
GUATEMALA,13.936,-90.836
GUERNSEY ISLD.,49.435,-2.602
GUINEA,10.351,-13.569
GUINEA,10.036,-10.77
GUINEA,11.326,-12.287
GUINEA,8.481,-9.526
GUINEA,7.806,-8.702
GUINEA BISSAU,11.288,-15.181
GUINEA BISSAU,11.895,-15.654
GUYANA,5.865,-60.614
GUYANA,5.966,-58.27
GUYANA,3.373,-59.789
HAITI,19.732,-72.195
HAITI,18.58,-72.293
HONDURAS,17.407,-83.933
HONDURAS,15.742,-86.853
HONDURAS,15.452,-87.923
HONDURAS,16.445,-85.906
HONDURAS,15.261,-83.781
HONDURAS,16.317,-86.522
HONDURAS,15.776,-87.476
HONDURAS,14.061,-87.217
HONDURAS,15.927,-85.938
HONG KONG,22.309,113.914
HONG KONG,22.436,114.08
HUNGARY,47.437,19.256
HUNGARY,47.489,21.615
HUNGARY,47.571,19.339
HUNGARY,46.917,19.749
HUNGARY,46.389,17.731
HUNGARY,47.984,21.692
HUNGARY,46.304,18.769
HUNGARY,47.364,17.501
HUNGARY,47.078,17.968
HUNGARY,46.858,18.096
HUNGARY,46.686,17.159
HUNGARY,47.123,20.235
HUNGARY,46.393,17.917
HUNGARY,47.345,18.981
ICELAND,65.66,-18.072
ICELAND,65.283,-14.401
ICELAND,64.296,-15.227
ICELAND,65.952,-17.426
ICELAND,66.058,-23.135
ICELAND,63.985,-22.606
ICELAND,66.314,-16.461
ICELAND,65.556,-23.965
ICELAND,64.13,-21.941
ICELAND,66.133,-18.917
ICELAND,63.424,-20.279
INDIA,23.075,72.632
INDIA,20.699,77.056
INDIA,19.863,75.398
INDIA,19.089,72.868
INDIA,21.989,82.111
INDIA,23.288,69.67
INDIA,15.859,74.618
INDIA,22.336,73.226
INDIA,23.285,77.337
INDIA,21.752,72.185
INDIA,20.435,72.844
INDIA,24.268,72.205
INDIA,15.381,73.833
INDIA,22.722,75.801
INDIA,23.178,80.052
INDIA,19.098,72.834
INDIA,22.466,70.011
INDIA,23.113,70.1
INDIA,24.819,79.919
INDIA,16.664,74.288
INDIA,21.317,70.27
INDIA,21.092,79.047
INDIA,19.962,73.807
INDIA,18.582,73.919
INDIA,21.649,69.656
INDIA,22.309,70.779
INDIA,21.18,81.739
INDIA,17.628,75.935
INDIA,21.115,72.743
INDIA,24.617,73.913
INDIA,28.175,94.802
INDIA,23.889,91.241
INDIA,23.746,92.803
INDIA,26.681,88.328
INDIA,25.261,88.796
INDIA,23.643,86.149
INDIA,20.244,85.818
INDIA,22.655,88.447
INDIA,26.33,89.467
INDIA,23.834,86.425
INDIA,27.989,94.223
INDIA,26.739,83.449
INDIA,26.106,91.585
INDIA,24.748,84.943
INDIA,21.579,84.006
INDIA,24.76,93.897
INDIA,21.913,84.05
INDIA,18.88,82.552
INDIA,22.812,86.168
INDIA,26.731,94.176
INDIA,24.135,91.811
INDIA,24.308,92.007
INDIA,24.913,92.979
INDIA,27.291,94.097
INDIA,27.483,95.017
INDIA,26.12,85.313
INDIA,20.87,82.519
INDIA,28.066,95.336
INDIA,23.474,87.428
INDIA,25.591,85.088
INDIA,25.76,87.409
INDIA,23.315,85.321
INDIA,22.256,84.814
INDIA,20.098,83.183
INDIA,27.588,93.828
INDIA,27.156,77.961
INDIA,25.439,81.734
INDIA,31.707,74.799
INDIA,28.072,73.207
INDIA,26.988,80.893
INDIA,25.452,82.859
INDIA,31.882,77.184
INDIA,30.27,74.756
INDIA,28.837,76.178
INDIA,28.422,79.45
INDIA,30.673,76.788
INDIA,26.404,80.41
INDIA,28.584,77.205
INDIA,30.187,78.18
INDIA,28.566,77.103
INDIA,24.654,77.347
INDIA,26.294,78.228
INDIA,29.181,75.753
INDIA,25.49,78.559
INDIA,26.251,73.048
INDIA,26.824,75.81
INDIA,26.889,70.864
INDIA,32.69,74.838
INDIA,26.441,80.363
INDIA,25.161,75.845
INDIA,30.854,75.951
INDIA,34.136,77.546
INDIA,26.761,80.886
INDIA,32.234,75.634
INDIA,30.315,76.363
INDIA,29.033,79.474
INDIA,26.25,81.381
INDIA,31.082,77.058
INDIA,29.994,77.424
INDIA,33.987,74.774
INDIA,10.823,72.176
INDIA,12.95,77.668
INDIA,17.908,77.486
INDIA,16.53,80.797
INDIA,11.031,77.044
INDIA,11.136,75.955
INDIA,14.51,78.773
INDIA,9.153,92.819
INDIA,17.629,78.403
INDIA,17.452,78.461
INDIA,9.834,78.093
INDIA,12.96,74.893
INDIA,12.994,80.18
INDIA,16.541,79.318
INDIA,11.646,92.733
INDIA,17.109,81.818
INDIA,11.782,78.065
INDIA,10.72,79.104
INDIA,13.632,79.543
INDIA,10.765,78.709
INDIA,8.482,76.918
INDIA,12.907,80.121
INDIA,17.918,79.599
INDONESIA,-5.062,119.554
INDONESIA,-4.317,122.467
INDONESIA,-2.558,120.324
INDONESIA,-2.529,121.357
INDONESIA,-3.045,119.822
INDONESIA,-4.082,122.417
INDONESIA,-1.19,136.108
INDONESIA,-3.368,135.496
INDONESIA,-4.528,136.887
INDONESIA,-2.577,140.516
INDONESIA,-4.096,138.952
INDONESIA,-8.52,140.418
INDONESIA,0.637,122.852
INDONESIA,3.683,125.528
INDONESIA,-0.918,119.909
INDONESIA,1.549,124.926
INDONESIA,-1.417,120.657
INDONESIA,0.832,127.381
INDONESIA,-1.039,122.772
INDONESIA,-5.661,132.731
INDONESIA,-3.709,128.09
INDONESIA,-3.644,133.695
INDONESIA,-0.88,134.05
INDONESIA,-0.926,131.12
INDONESIA,5.874,95.339
INDONESIA,-7.346,108.246
INDONESIA,-7.616,111.434
INDONESIA,-7.926,112.714
INDONESIA,0.461,101.444
INDONESIA,1.609,101.433
INDONESIA,-6.293,106.57
INDONESIA,-6.901,107.576
INDONESIA,-6.756,108.539
INDONESIA,-6.266,106.891
INDONESIA,-6.126,106.656
INDONESIA,-7.788,110.432
INDONESIA,-7.645,109.034
INDONESIA,-6.337,106.764
INDONESIA,-6.973,110.375
INDONESIA,-5.242,105.179
INDONESIA,1.121,104.119
INDONESIA,-2.746,107.755
INDONESIA,-2.163,106.139
INDONESIA,0.922,104.532
INDONESIA,-0.479,104.579
INDONESIA,1.166,97.703
INDONESIA,1.399,99.432
INDONESIA,-0.876,100.352
INDONESIA,3.558,98.672
INDONESIA,1.555,98.89
INDONESIA,-0.349,111.748
INDONESIA,-1.816,109.963
INDONESIA,3.909,108.388
INDONESIA,-0.151,109.404
INDONESIA,0.836,112.936
INDONESIA,0.064,111.475
INDONESIA,-1.638,103.644
INDONESIA,-3.864,102.341
INDONESIA,-2.898,104.701
INDONESIA,-3.286,103.879
INDONESIA,-0.353,102.335
INDONESIA,-2.542,101.088
INDONESIA,5.069,97.259
INDONESIA,5.227,96.95
INDONESIA,5.523,95.42
INDONESIA,-3.442,114.761
INDONESIA,-3.413,115.996
INDONESIA,-2.705,111.673
INDONESIA,-2.225,113.943
INDONESIA,-2.501,112.977
INDONESIA,-8.641,122.237
INDONESIA,-8.849,121.662
INDONESIA,-8.596,120.478
INDONESIA,-10.171,123.671
INDONESIA,-8.486,119.889
INDONESIA,2.154,117.432
INDONESIA,-1.268,116.894
INDONESIA,3.326,117.566
INDONESIA,-0.484,117.157
INDONESIA,-0.093,117.439
INDONESIA,-8.561,116.094
INDONESIA,-8.539,118.687
INDONESIA,-8.748,115.167
INDONESIA,-8.489,117.412
INDONESIA,-9.409,119.246
INDONESIA,-9.67,120.304
INDONESIA,-7.38,112.787
INDONESIA,-7.516,110.757
IRAN,30.365,48.233
IRAN,32.434,48.398
IRAN,30.745,49.676
IRAN,30.337,50.828
IRAN,32.002,49.271
IRAN,30.835,49.535
IRAN,30.556,49.152
IRAN,31.337,48.762
IRAN,25.876,55.033
IRAN,28.945,50.834
IRAN,27.212,54.318
IRAN,27.484,52.618
IRAN,26.527,53.982
IRAN,26.532,54.822
IRAN,29.259,50.324
IRAN,25.909,54.539
IRAN,26.81,53.356
IRAN,34.346,47.156
IRAN,32.934,47.483
IRAN,33.586,46.405
IRAN,33.436,48.286
IRAN,35.247,47.007
IRAN,32.929,51.561
IRAN,32.567,51.691
IRAN,32.751,51.862
IRAN,32.621,51.697
IRAN,37.325,49.606
IRAN,34.868,48.552
IRAN,34.14,49.848
IRAN,35.703,51.475
IRAN,35.645,51.381
IRAN,35.689,51.313
IRAN,36.241,50.047
IRAN,35.591,53.495
IRAN,27.218,56.378
IRAN,28.727,57.67
IRAN,30.261,56.957
IRAN,29.084,58.45
IRAN,27.158,56.172
IRAN,26.755,55.902
IRAN,30.298,56.052
IRAN,29.551,55.672
IRAN,32.896,59.276
IRAN,36.501,61.065
IRAN,36.424,55.106
IRAN,37.493,57.301
IRAN,33.668,56.892
IRAN,37.628,56.173
IRAN,37.383,55.452
IRAN,36.909,54.402
IRAN,34.169,51.318
IRAN,36.663,51.465
IRAN,36.91,50.679
IRAN,36.644,53.188
IRAN,28.721,54.441
IRAN,28.892,53.723
IRAN,28.586,53.579
IRAN,27.674,54.381
IRAN,29.754,52.694
IRAN,27.371,53.189
IRAN,29.539,52.589
IRAN,38.326,48.424
IRAN,37.349,46.126
IRAN,39.604,47.881
IRAN,38.133,46.235
IRAN,36.774,48.36
IRAN,31.905,54.276
IRAN,31.097,61.544
IRAN,25.443,60.382
IRAN,29.476,60.906
IRAN,27.236,60.72
IRAN,25.653,57.799
IRAQ,33.262,44.234
IRAQ,30.549,47.662
IRELAND,51.843,-8.492
IRELAND,53.301,-8.939
IRELAND,55.044,-8.341
IRELAND,53.421,-6.27
IRELAND,53.91,-8.818
IRELAND,52.181,-9.524
IRELAND,53.303,-6.443
IRELAND,52.702,-8.925
IRELAND,54.28,-8.599
IRELAND,52.187,-7.087
ISRAEL,32.009,34.877
ISRAEL,31.287,34.723
ISRAEL,31.839,34.822
ISRAEL,32.441,35.006
ISRAEL,29.561,34.96
ISRAEL,30.623,35.202
ISRAEL,32.811,35.044
ISRAEL,31.762,34.727
ISRAEL,32.981,35.572
ISRAEL,31.867,35.217
ISRAEL,31.229,35.191
ISRAEL,32.599,35.228
ISRAEL,31.328,35.388
ISRAEL,31.208,35.012
ISRAEL,29.94,34.936
ISRAEL,32.66,35.182
ISRAEL,30.776,34.667
ISRAEL,32.114,34.782
ITALY,41.539,15.713
ITALY,38.997,17.08
ITALY,41.138,16.761
ITALY,41.433,15.535
ITALY,40.516,17.402
ITALY,40.239,18.133
ITALY,42.431,14.181
ITALY,40.657,17.947
ITALY,40.768,16.933
ITALY,38.906,16.242
ITALY,37.467,15.066
ITALY,35.498,12.618
ITALY,36.816,11.969
ITALY,38.176,13.091
ITALY,38.111,13.313
ITALY,38.071,15.651
ITALY,37.913,12.488
ITALY,37.401,14.922
ITALY,40.632,8.291
ITALY,39.354,8.972
ITALY,39.251,9.054
ITALY,40.899,9.518
ITALY,39.919,9.683
ITALY,40.417,12.333
ITALY,45.086,7.603
ITALY,45.54,9.202
ITALY,45.631,8.728
ITALY,45.674,9.704
ITALY,45.201,7.649
ITALY,44.051,8.127
ITALY,44.412,8.842
ITALY,45.445,9.277
ITALY,45.529,8.669
ITALY,44.824,10.296
ITALY,44.913,9.723
ITALY,45.738,7.368
ITALY,44.546,7.622
ITALY,46.032,12.596
ITALY,46.461,11.326
ITALY,44.224,12.306
ITALY,44.534,11.29
ITALY,45.649,12.195
ITALY,45.981,13.054
ITALY,44.195,12.07
ITALY,45.432,10.268
ITALY,45.472,10.928
ITALY,45.429,10.331
ITALY,45.828,13.466
ITALY,44.02,12.612
ITALY,45.684,12.086
ITALY,45.574,11.531
ITALY,45.396,11.848
ITALY,45.396,10.888
ITALY,45.505,12.352
ITALY,43.257,11.254
ITALY,41.799,12.595
ITALY,41.654,12.444
ITALY,41.813,12.253
ITALY,41.99,12.741
ITALY,40.62,14.911
ITALY,42.76,10.239
ITALY,41.542,12.909
ITALY,41.061,14.082
ITALY,40.886,14.291
ITALY,43.684,10.393
ITALY,43.81,11.205
ITALY,42.761,11.072
ITALY,41.952,12.499
ITALY,42.43,12.064
ITALY,43.096,12.513
IVORY COAST,5.26,-3.926
IVORY COAST,7.739,-5.074
IVORY COAST,6.792,-6.473
IVORY COAST,9.387,-5.556
IVORY COAST,7.272,-7.587
IVORY COAST,4.747,-6.661
IVORY COAST,6.903,-5.366
JAMAICA,18.404,-76.969
JAMAICA,17.936,-76.787
JAMAICA,18.504,-77.913
JAMAICA,18.199,-76.534
JAMAICA,17.988,-76.824
JAPAN,35.765,140.386
JAPAN,36.167,137.923
JAPAN,36.181,140.415
JAPAN,24.289,153.979
JAPAN,24.784,141.322
JAPAN,33.662,135.364
JAPAN,34.591,133.933
JAPAN,42.733,143.217
JAPAN,42.775,141.692
JAPAN,41.77,140.822
JAPAN,42.794,141.666
JAPAN,43.881,144.164
JAPAN,43.577,144.96
JAPAN,43.116,141.38
JAPAN,42.89,143.158
JAPAN,45.404,141.801
JAPAN,33.749,129.785
JAPAN,33.93,131.279
JAPAN,34.285,129.33
JAPAN,44.304,143.404
JAPAN,43.671,142.447
JAPAN,45.242,141.186
JAPAN,33.883,130.653
JAPAN,30.386,130.659
JAPAN,32.666,128.833
JAPAN,33.586,130.45
JAPAN,30.547,130.95
JAPAN,31.803,130.719
JAPAN,31.877,131.448
JAPAN,32.084,131.452
JAPAN,33.479,131.737
JAPAN,33.836,130.947
JAPAN,32.837,130.855
JAPAN,32.922,129.923
JAPAN,31.367,130.845
JAPAN,33.685,131.041
JAPAN,28.431,129.712
JAPAN,27.425,128.701
JAPAN,27.836,128.881
JAPAN,36.143,136.224
JAPAN,35.394,136.869
JAPAN,34.75,137.703
JAPAN,36.394,136.408
JAPAN,35.255,136.924
JAPAN,36.181,133.325
JAPAN,36.648,137.187
JAPAN,34.813,138.298
JAPAN,34.435,132.922
JAPAN,34.757,133.856
JAPAN,35.414,132.89
JAPAN,34.034,131.549
JAPAN,35.492,133.236
JAPAN,34.144,132.236
JAPAN,33.544,133.671
JAPAN,33.827,132.7
JAPAN,34.785,135.438
JAPAN,35.53,134.166
JAPAN,34.133,134.606
JAPAN,34.214,134.016
JAPAN,34.596,135.603
JAPAN,34.045,131.052
JAPAN,40.734,140.691
JAPAN,38.412,140.371
JAPAN,40.556,141.466
JAPAN,39.431,141.136
JAPAN,39.616,140.219
JAPAN,40.703,141.368
JAPAN,38.139,140.917
JAPAN,38.405,141.219
JAPAN,38.812,139.787
JAPAN,35.454,139.45
JAPAN,34.987,139.829
JAPAN,35.672,139.528
JAPAN,33.115,139.786
JAPAN,35.841,139.41
JAPAN,35.398,139.91
JAPAN,35.799,140.011
JAPAN,34.784,139.361
JAPAN,34.072,139.56
JAPAN,35.514,139.394
JAPAN,35.552,139.779
JAPAN,35.748,139.348
JAPAN,26.196,127.646
JAPAN,26.729,127.762
JAPAN,26.356,127.767
JAPAN,24.344,124.187
JAPAN,26.363,126.714
JAPAN,25.846,131.263
JAPAN,24.783,125.295
JAPAN,25.948,131.321
JAPAN,24.827,125.145
JAPAN,27.044,128.401
JAPAN,26.274,127.756
JAPAN,24.467,122.978
JOHNSTON ATOLL,16.729,-169.534
JORDAN,31.722,35.993
JORDAN,31.972,35.991
JORDAN,29.611,35.018
JORDAN,31.865,35.219
JORDAN,32.356,36.259
KAZAKHSTAN,43.352,77.04
KENYA,0.404,35.238
KENYA,-0.463,39.648
KENYA,0.339,37.591
KENYA,0.271,34.787
KENYA,-0.086,34.729
KENYA,0.972,34.958
KENYA,4.204,34.348
KENYA,3.122,35.609
KENYA,-2.252,40.913
KENYA,2.763,36.718
KENYA,3.934,41.844
KENYA,2.345,37.999
KENYA,0.23,38.17
KENYA,-3.229,40.102
KENYA,-4.035,39.594
KENYA,3.47,39.101
KENYA,-0.369,36.98
KENYA,-0.788,36.433
KENYA,-1.322,36.815
KENYA,-0.061,37.039
KENYA,-1.277,36.862
KENYA,1.733,40.091
KIRIBATI,1.381,173.147
KIRIBATI,-1.224,174.776
KIRIBATI,1.986,-157.35
KOREA,35.126,126.81
KOREA,35.904,126.616
KOREA,34.759,126.38
KOREA,35.878,127.119
KOREA,34.84,127.615
KOREA,37.884,127.718
KOREA,38.148,128.601
KOREA,37.753,128.944
KOREA,37.438,127.96
KOREA,38.061,128.669
KOREA,33.511,126.493
KOREA,35.141,128.696
KOREA,35.179,128.938
KOREA,35.171,129.129
KOREA,35.088,128.07
KOREA,35.593,129.352
KOREA,36.961,127.033
KOREA,37.446,127.114
KOREA,37.091,127.029
KOREA,37.558,126.791
KOREA,37.239,127.007
KOREA,35.988,129.42
KOREA,35.856,129.211
KOREA,35.894,128.659
KOREA,36.716,127.499
KOREA,36.632,128.355
KOREA,39.033,125.783
KUWAIT,29.227,47.98
LAOS,20.257,100.437
LAOS,19.897,102.161
LAOS,15.132,105.781
LAOS,19.455,103.218
LAOS,16.556,104.759
LAOS,17.988,102.563
LEBANON,33.813,35.489
LEBANON,34.589,36.011
LEEWARD ISLANDS,17.137,-61.792
LESOTHO,-29.462,27.553
LESOTHO,-29.304,27.503
LIBERIA,6.289,-10.759
LIBERIA,6.234,-10.362
LIBYA,28.795,22.081
LIBYA,28.638,21.438
LIBYA,25.146,10.143
LIBYA,24.179,23.314
LIBYA,32.097,20.269
LIBYA,32.789,21.964
LIBYA,26.987,14.473
LIBYA,32.663,13.159
LIBYA,30.378,19.576
LIBYA,30.5,18.527
LIBYA,29.11,15.966
LIBYA,29.47,17.931
LIBYA,30.152,9.715
LIBYA,28.59,17.294
LUXEMBURG,49.626,6.211
MACAU,22.149,113.591
MADAGASCAR,-18.797,47.479
MADAGASCAR,-19.563,45.451
MADAGASCAR,-17.094,49.816
MADAGASCAR,-18.109,49.392
MADAGASCAR,-20.285,44.318
MADAGASCAR,-12.349,49.292
MADAGASCAR,-16.164,49.774
MADAGASCAR,-14.652,49.621
MADAGASCAR,-13.188,48.988
MADAGASCAR,-14.999,50.32
MADAGASCAR,-14.629,47.764
MADAGASCAR,-15.667,46.352
MADAGASCAR,-13.312,48.314
MADAGASCAR,-16.742,44.481
MADAGASCAR,-15.437,49.688
MADAGASCAR,-14.279,50.175
MADAGASCAR,-13.376,50.003
MADAGASCAR,-14.899,47.994
MADAGASCAR,-13.485,48.633
MADAGASCAR,-25.038,46.956
MADAGASCAR,-21.441,47.112
MADAGASCAR,-22.805,47.821
MADAGASCAR,-22.12,48.022
MADAGASCAR,-21.202,48.358
MADAGASCAR,-21.754,43.375
MADAGASCAR,-23.383,43.728
MADEIRA,33.073,-16.35
MALAWI,-15.679,34.974
MALAWI,-9.953,33.893
MALAWI,-13.014,33.468
MALAWI,30.838,-85.182
MALAWI,-11.445,34.012
MALAYSIA,3.172,113.044
MALAYSIA,1.485,110.346
MALAYSIA,4.178,114.331
MALAYSIA,4.325,113.988
MALAYSIA,2.264,111.983
MALAYSIA,5.032,118.324
MALAYSIA,5.937,116.051
MALAYSIA,5.301,115.25
MALAYSIA,4.313,118.122
MALAYSIA,2.041,103.307
MALAYSIA,2.818,104.16
MALAYSIA,6.194,100.403
MALAYSIA,5.466,100.391
MALAYSIA,6.166,102.294
MALAYSIA,3.775,103.209
MALAYSIA,4.537,103.426
MALAYSIA,3.112,101.703
MALAYSIA,4.568,101.092
MALAYSIA,1.641,103.669
MALAYSIA,2.746,101.71
MALAYSIA,6.33,99.729
MALAYSIA,2.263,102.251
MALAYSIA,5.382,103.103
MALAYSIA,5.297,100.277
MALDIVES,4.192,73.529
MALI,12.533,-7.95
MALI,16.248,-0.005
MALI,14.431,-11.439
MALI,14.513,-4.079
MALI,15.239,-9.576
MALI,16.73,-3.007
MALI,20.246,0.981
MALTA,35.857,14.478
MALTA,35.917,14.417
MARIANA ISLANDS,14.174,145.243
MARIANA ISLANDS,15.119,145.729
MARIANA ISLANDS,13.5,144.833
MARIANA ISLANDS,13.584,144.93
MARIANA ISLANDS,13.484,144.797
MARIANA ISLANDS,14.998,145.619
MARSHALL ISLANDS,11.341,162.328
MARSHALL ISLANDS,7.065,171.272
MARSHALL ISLANDS,9.397,167.471
MARSHALL ISLANDS,8.72,167.731
MAURITANIA,16.711,-9.638
MAURITANIA,18.57,-11.423
MAURITANIA,16.59,-11.406
MAURITANIA,16.622,-7.314
MAURITANIA,16.159,-13.508
MAURITANIA,18.098,-15.948
MAURITANIA,15.179,-12.207
MAURITANIA,20.507,-13.043
MAURITANIA,20.928,-17.031
MAURITANIA,25.237,-11.589
MAURITIUS,-20.43,57.683
MAURITIUS,-19.758,63.362
MAYOTTE ISLAND,-12.805,45.281
MEXICO,16.757,-99.753
MEXICO,25.866,-100.237
MEXICO,21.705,-102.318
MEXICO,15.775,-96.261
MEXICO,18.835,-99.262
MEXICO,18.654,-91.799
MEXICO,30.397,-107.875
MEXICO,17.574,-99.514
MEXICO,24.764,-107.474
MEXICO,18.504,-88.327
MEXICO,27.392,-109.833
MEXICO,19.817,-90.5
MEXICO,31.636,-106.429
MEXICO,28.703,-105.964
MEXICO,23.704,-98.956
MEXICO,20.546,-100.886
MEXICO,20.522,-86.926
MEXICO,22.74,-99.018
MEXICO,24.124,-104.528
MEXICO,21.419,-104.843
MEXICO,31.795,-116.602
MEXICO,20.522,-103.311
MEXICO,27.969,-110.925
MEXICO,18.497,-97.42
MEXICO,29.096,-111.048
MEXICO,19.277,-103.577
MEXICO,21.245,-86.74
MEXICO,25.549,-100.929
MEXICO,16.449,-95.094
MEXICO,19.475,-96.797
MEXICO,18.002,-102.22
MEXICO,25.685,-109.081
MEXICO,20.993,-101.481
MEXICO,24.072,-110.362
MEXICO,25.989,-111.348
MEXICO,25.77,-97.525
MEXICO,20.937,-89.657
MEXICO,32.631,-115.241
MEXICO,19.85,-101.025
MEXICO,18.103,-94.581
MEXICO,26.956,-101.47
MEXICO,19.436,-99.072
MEXICO,25.778,-100.107
MEXICO,23.161,-106.266
MEXICO,31.226,-110.976
MEXICO,27.444,-99.57
MEXICO,17.0,-96.726
MEXICO,20.603,-97.461
MEXICO,19.158,-98.371
MEXICO,20.077,-98.782
MEXICO,31.352,-113.526
MEXICO,28.627,-100.535
MEXICO,19.397,-102.039
MEXICO,20.68,-105.254
MEXICO,15.877,-97.089
MEXICO,20.624,-100.369
MEXICO,26.009,-98.228
MEXICO,23.152,-109.721
MEXICO,30.93,-114.809
MEXICO,22.254,-100.931
MEXICO,19.536,-98.173
MEXICO,25.568,-103.411
MEXICO,16.769,-93.341
MEXICO,32.541,-116.97
MEXICO,22.296,-97.866
MEXICO,22.038,-98.806
MEXICO,19.337,-99.566
MEXICO,14.794,-92.37
MEXICO,19.598,-103.372
MEXICO,21.036,-86.877
MEXICO,17.997,-92.817
MEXICO,19.145,-96.187
MEXICO,22.897,-102.687
MEXICO,17.601,-101.46
MEXICO,20.045,-102.276
MEXICO,19.145,-104.559
MEXICO,20.756,-103.465
MICRONESIA,7.462,151.843
MICRONESIA,6.985,158.209
MICRONESIA,5.357,162.958
MICRONESIA,9.499,138.082
MIDWAY ISLAND,28.201,-177.381
MOLDOVA,47.838,27.781
MOLDOVA,46.928,28.931
MONGOLIA,47.843,106.766
MONTSERRAT ISLAND,33.587,-80.209
MOROCCO,30.381,-9.546
MOROCCO,28.448,-11.161
MOROCCO,33.927,-4.978
MOROCCO,33.505,-5.153
MOROCCO,31.949,-4.401
MOROCCO,33.879,-5.515
MOROCCO,35.153,-2.92
MOROCCO,34.787,-1.924
MOROCCO,33.553,-7.661
MOROCCO,34.051,-6.751
MOROCCO,29.369,-10.18
MOROCCO,31.404,-9.685
MOROCCO,33.368,-7.588
MOROCCO,31.607,-8.036
MOROCCO,34.299,-6.596
MOROCCO,30.939,-6.909
MOROCCO,35.177,-3.839
MOROCCO,35.594,-5.32
MOROCCO,35.727,-5.917
MOZAMBIQUE,-19.796,34.907
MOZAMBIQUE,-14.82,36.532
MOZAMBIQUE,-19.151,33.429
MOZAMBIQUE,-15.734,32.757
MOZAMBIQUE,-23.876,35.408
MOZAMBIQUE,-13.274,35.266
MOZAMBIQUE,-15.033,40.672
MOZAMBIQUE,-25.921,32.573
MOZAMBIQUE,-11.673,39.563
MOZAMBIQUE,-11.362,40.355
MOZAMBIQUE,-13.225,37.552
MOZAMBIQUE,-14.488,40.712
MOZAMBIQUE,-15.106,39.282
MOZAMBIQUE,-12.987,40.522
MOZAMBIQUE,-17.856,36.869
MOZAMBIQUE,-15.602,32.773
MOZAMBIQUE,-16.105,33.64
MOZAMBIQUE,-14.704,34.352
MOZAMBIQUE,-22.018,35.313
MYANMAR,21.182,94.929
MYANMAR,24.269,97.246
MYANMAR,14.141,93.368
MYANMAR,14.098,98.202
MYANMAR,20.743,96.792
MYANMAR,21.301,99.637
MYANMAR,23.189,94.051
MYANMAR,19.427,93.534
MYANMAR,10.049,98.538
MYANMAR,19.692,97.215
MYANMAR,22.977,97.752
MYANMAR,20.94,94.822
MYANMAR,21.702,95.978
MYANMAR,12.443,98.621
MYANMAR,25.383,97.353
MYANMAR,16.445,97.661
MYANMAR,23.092,96.645
MYANMAR,20.517,99.257
MYANMAR,25.354,97.295
MYANMAR,20.89,97.736
MYANMAR,16.894,97.675
MYANMAR,16.813,94.775
MYANMAR,27.33,97.426
MYANMAR,18.824,95.266
MYANMAR,20.942,95.914
MYANMAR,20.133,92.872
MYANMAR,18.461,94.299
MYANMAR,20.484,99.935
MYANMAR,19.031,96.401
MYANMAR,16.907,96.133
NEPAL,27.506,83.416
NEPAL,26.571,88.079
NEPAL,26.709,85.922
NEPAL,27.696,85.359
NEPAL,28.104,81.667
NEPAL,28.2,83.981
NEPAL,27.159,84.98
NEPAL,26.483,87.264
NETHERLANDS,52.309,4.764
NETHERLANDS,51.255,5.601
NETHERLANDS,50.911,5.77
NETHERLANDS,52.061,5.873
NETHERLANDS,53.119,6.13
NETHERLANDS,51.45,5.374
NETHERLANDS,53.119,6.579
NETHERLANDS,51.568,4.933
NETHERLANDS,52.923,4.781
NETHERLANDS,52.46,5.527
NETHERLANDS,53.229,5.761
NETHERLANDS,51.957,4.442
NETHERLANDS,52.127,5.276
NETHERLANDS,52.27,6.874
NETHERLANDS,52.17,4.426
NETHERLANDS,51.449,4.342
NEW CALEDONIA,-21.053,164.838
NEW CALEDONIA,-20.546,164.256
NEW CALEDONIA,-20.775,167.24
NEW CALEDONIA,-22.258,166.473
NEW CALEDONIA,-21.482,168.037
NEW CALEDONIA,-20.791,165.259
NEW CALEDONIA,-20.641,166.573
NEW CALEDONIA,-22.014,166.213
NEW ZEALAND,-19.08,-169.926
NEW ZEALAND,-37.008,174.792
NEW ZEALAND,-38.74,176.084
NEW ZEALAND,-37.03,174.973
NEW ZEALAND,-43.489,172.532
NEW ZEALAND,-43.81,-176.457
NEW ZEALAND,-45.928,170.198
NEW ZEALAND,-38.663,177.978
NEW ZEALAND,-43.907,170.128
NEW ZEALAND,-42.714,170.985
NEW ZEALAND,-37.866,175.332
NEW ZEALAND,-39.647,176.767
NEW ZEALAND,-35.263,173.912
NEW ZEALAND,-35.07,173.285
NEW ZEALAND,-45.212,169.373
NEW ZEALAND,-43.765,170.133
NEW ZEALAND,-45.533,167.65
NEW ZEALAND,-40.973,175.634
NEW ZEALAND,-39.009,174.179
NEW ZEALAND,-41.298,173.221
NEW ZEALAND,-46.412,168.313
NEW ZEALAND,-40.206,175.388
NEW ZEALAND,-44.97,171.082
NEW ZEALAND,-40.321,175.617
NEW ZEALAND,-40.905,174.989
NEW ZEALAND,-45.021,168.739
NEW ZEALAND,-38.109,176.317
NEW ZEALAND,-39.446,175.658
NEW ZEALAND,-90.0,0.0
NEW ZEALAND,-37.672,176.196
NEW ZEALAND,-44.303,171.225
NEW ZEALAND,-44.235,170.118
NEW ZEALAND,-41.518,173.87
NEW ZEALAND,-77.883,166.65
NEW ZEALAND,-44.725,169.243
NEW ZEALAND,-43.551,172.553
NEW ZEALAND,-37.921,176.914
NEW ZEALAND,-41.327,174.805
NEW ZEALAND,-39.007,177.407
NEW ZEALAND,-36.788,174.63
NEW ZEALAND,-35.768,174.365
NEW ZEALAND,-41.738,171.581
NEW ZEALAND,-39.962,175.025
NICARAGUA,11.989,-83.774
NICARAGUA,12.189,-86.354
NICARAGUA,12.428,-86.902
NICARAGUA,12.141,-86.168
NICARAGUA,14.047,-83.387
NIGER,13.502,7.127
NIGER,13.481,2.184
NIGER,14.876,5.265
NIGER,16.965,7.997
NIGER,18.969,12.869
NIGER,13.373,12.627
NIGER,13.779,8.984
NIGER,14.999,8.767
NIGERIA,9.007,7.263
NIGERIA,7.247,5.301
NIGERIA,6.317,5.599
NIGERIA,4.976,8.347
NIGERIA,6.474,7.562
NIGERIA,12.172,6.696
NIGERIA,7.362,3.978
NIGERIA,8.44,4.494
NIGERIA,9.64,8.869
NIGERIA,10.696,7.32
NIGERIA,12.047,8.524
NIGERIA,11.855,13.081
NIGERIA,7.704,8.614
NIGERIA,6.577,3.321
NIGERIA,9.652,6.462
NIGERIA,5.015,6.949
NIGERIA,12.916,5.207
NIGERIA,9.26,12.43
NIGERIA,11.13,7.686
NORTH IRELAND,54.657,-6.216
NORTH IRELAND,54.618,-5.873
NORTH IRELAND,55.043,-7.161
NORWAY,62.56,6.11
NORWAY,69.293,16.144
NORWAY,69.977,23.366
NORWAY,61.392,5.764
NORWAY,60.639,6.501
NORWAY,65.459,12.214
NORWAY,67.269,14.363
NORWAY,60.293,5.218
NORWAY,70.6,29.692
NORWAY,58.204,8.085
NORWAY,60.417,8.514
NORWAY,69.056,18.54
NORWAY,68.491,16.678
NORWAY,59.896,10.617
NORWAY,61.011,9.293
NORWAY,61.584,5.025
NORWAY,60.194,11.1
NORWAY,60.818,11.067
NORWAY,59.345,5.208
NORWAY,70.487,22.14
NORWAY,63.112,7.824
NORWAY,59.969,11.036
NORWAY,69.725,29.887
NORWAY,58.1,6.625
NORWAY,62.746,7.272
NORWAY,65.784,13.215
NORWAY,70.069,24.973
NORWAY,59.566,9.212
NORWAY,63.699,9.604
NORWAY,62.578,11.342
NORWAY,59.379,10.786
NORWAY,78.246,15.466
NORWAY,61.156,7.136
NORWAY,59.185,9.567
NORWAY,59.792,5.341
NORWAY,69.787,20.959
NORWAY,70.355,31.045
NORWAY,65.957,12.469
NORWAY,69.683,18.919
NORWAY,59.187,10.259
NORWAY,63.458,10.94
NORWAY,58.877,5.638
OMAN,26.171,56.241
OMAN,20.675,58.89
OMAN,23.593,58.284
OMAN,17.039,54.091
OMAN,23.067,57.65
OMAN,17.666,54.024
PAKISTAN,32.972,70.525
PAKISTAN,29.347,71.711
PAKISTAN,35.886,71.801
PAKISTAN,28.875,64.404
PAKISTAN,29.961,70.486
PAKISTAN,31.909,70.896
PAKISTAN,31.365,72.995
PAKISTAN,25.233,62.329
PAKISTAN,35.919,74.334
PAKISTAN,28.284,68.449
PAKISTAN,25.068,61.805
PAKISTAN,24.906,67.161
PAKISTAN,25.318,68.366
PAKISTAN,27.793,66.643
PAKISTAN,28.594,65.425
PAKISTAN,31.521,74.403
PAKISTAN,31.495,74.346
PAKISTAN,33.05,73.638
PAKISTAN,34.338,73.508
PAKISTAN,32.563,71.571
PAKISTAN,27.335,68.143
PAKISTAN,25.683,69.073
PAKISTAN,33.013,70.064
PAKISTAN,24.893,66.939
PAKISTAN,30.203,71.419
PAKISTAN,26.219,68.39
PAKISTAN,29.538,66.022
PAKISTAN,30.741,73.357
PAKISTAN,25.273,64.588
PAKISTAN,33.902,70.071
PAKISTAN,26.954,64.132
PAKISTAN,25.284,63.333
PAKISTAN,33.994,71.514
PAKISTAN,33.561,73.032
PAKISTAN,30.251,66.938
PAKISTAN,28.385,70.28
PAKISTAN,33.616,73.099
PAKISTAN,30.758,72.282
PAKISTAN,34.081,71.972
PAKISTAN,33.849,73.798
PAKISTAN,35.335,75.536
PAKISTAN,27.722,68.792
PAKISTAN,32.049,72.665
PAKISTAN,34.813,72.352
PAKISTAN,28.645,69.177
PAKISTAN,31.889,72.309
PAKISTAN,33.986,72.611
PAKISTAN,24.841,68.838
PAKISTAN,32.305,69.569
PAKISTAN,31.358,69.463
PALAU ISLAND,7.367,134.544
PANAMA,9.341,-82.251
PANAMA,9.459,-82.517
PANAMA,8.391,-82.435
PANAMA,8.914,-79.599
PANAMA,7.517,-78.157
PANAMA,8.407,-78.142
PANAMA,8.973,-79.556
PANAMA,8.086,-80.945
PANAMA,9.071,-79.383
PAPUA NEW GUINEA,-6.082,145.392
PAPUA NEW GUINEA,-5.207,145.789
PAPUA NEW GUINEA,-5.826,144.296
PAPUA NEW GUINEA,-6.57,146.726
PAPUA NEW GUINEA,-9.443,147.22
PAPUA NEW GUINEA,-3.584,143.669
PARAGUAY,-25.24,-57.519
PARAGUAY,-27.371,-56.854
PARAGUAY,-23.442,-57.427
PARAGUAY,-22.36,-60.054
PARAGUAY,-25.407,-54.619
PARAGUAY,-22.045,-60.622
PARAGUAY,-26.881,-58.318
PERU,53.791,15.828
PERU,-4.607,-77.941
PERU,-2.795,-76.466
PERU,-10.729,-73.766
PERU,-6.019,-76.988
PERU,-3.917,-70.508
PERU,-11.411,-69.489
PERU,-8.378,-74.574
PERU,-9.151,-78.524
PERU,-9.768,-70.706
PERU,-17.179,-70.931
PERU,-9.29,-76.006
PERU,-6.787,-79.828
PERU,-13.155,-74.204
PERU,-13.706,-73.35
PERU,-9.347,-77.598
PERU,-12.022,-77.114
PERU,-7.169,-76.728
PERU,-11.783,-75.473
PERU,-15.467,-70.158
PERU,-15.357,-75.136
PERU,-7.136,-78.49
PERU,-17.695,-71.344
PERU,-12.161,-76.999
PERU,-3.552,-80.381
PERU,-5.894,-76.118
PERU,-9.878,-76.204
PERU,-11.929,-77.061
PERU,-6.202,-77.856
PERU,-3.785,-73.309
PERU,-16.341,-71.583
PERU,-11.129,-75.35
PERU,-8.085,-79.109
PERU,-13.745,-76.22
PERU,-6.509,-76.373
PERU,-18.053,-70.276
PERU,-4.55,-81.224
PERU,-12.614,-69.229
PERU,-5.206,-80.616
PERU,-4.576,-81.254
PERU,-14.854,-74.961
PERU,-13.536,-71.939
PHILIPPINES,14.509,121.019
PHILIPPINES,6.106,125.236
PHILIPPINES,7.165,124.21
PHILIPPINES,8.414,124.611
PHILIPPINES,7.617,124.059
PHILIPPINES,7.828,123.46
PHILIPPINES,6.058,125.096
PHILIPPINES,9.758,125.481
PHILIPPINES,6.922,122.059
PHILIPPINES,16.375,120.619
PHILIPPINES,14.129,122.98
PHILIPPINES,14.986,120.493
PHILIPPINES,16.035,120.241
PHILIPPINES,12.361,121.046
PHILIPPINES,15.326,119.969
PHILIPPINES,13.955,121.125
PHILIPPINES,13.208,120.605
PHILIPPINES,13.585,123.271
PHILIPPINES,20.452,121.98
PHILIPPINES,14.293,122.646
PHILIPPINES,17.554,120.357
PHILIPPINES,16.596,120.303
PHILIPPINES,17.638,121.731
PHILIPPINES,13.578,124.206
PHILIPPINES,13.361,121.825
PHILIPPINES,16.93,121.753
PHILIPPINES,16.619,121.252
PHILIPPINES,11.227,125.028
PHILIPPINES,10.643,122.929
PHILIPPINES,12.072,124.545
PHILIPPINES,9.334,123.302
PHILIPPINES,12.502,124.636
PHILIPPINES,11.036,125.743
PHILIPPINES,10.713,122.545
PHILIPPINES,11.681,122.378
PHILIPPINES,10.308,123.979
PHILIPPINES,11.056,124.566
PHILIPPINES,9.742,118.759
PHILIPPINES,11.598,122.753
PHILIPPINES,10.766,121.932
PHOENIX ISL.,-2.767,0.0
POLAND,54.377,18.466
POLAND,50.078,19.785
POLAND,50.238,19.035
POLAND,54.042,16.264
POLAND,50.474,19.08
POLAND,51.722,19.398
POLAND,50.322,21.462
POLAND,52.421,16.826
POLAND,50.11,22.019
POLAND,53.585,14.902
POLAND,53.392,14.634
POLAND,54.479,17.108
POLAND,52.166,20.967
POLAND,51.102,16.886
POLAND,52.139,15.799
PORTUGAL,40.974,-8.645
PORTUGAL,38.717,-9.156
PORTUGAL,40.916,-8.646
PORTUGAL,38.781,-9.136
PUERTO RICO,18.495,-67.129
PUERTO RICO,18.309,-65.662
PUERTO RICO,18.457,-66.098
PUERTO RICO,18.256,-67.148
PUERTO RICO,18.245,-65.643
PUERTO RICO,18.008,-66.563
PUERTO RICO,18.439,-66.002
QATAR,25.261,51.565
REUNION ISLAND,-20.887,55.51
REUNION ISLAND,-21.321,55.425
ROMANIA,46.176,21.262
ROMANIA,46.522,26.91
ROMANIA,47.658,23.47
ROMANIA,44.503,26.102
ROMANIA,44.362,28.488
ROMANIA,46.785,23.686
ROMANIA,45.42,22.253
ROMANIA,44.318,23.889
ROMANIA,47.179,27.62
ROMANIA,47.025,21.902
ROMANIA,44.574,26.103
ROMANIA,45.786,24.091
ROMANIA,47.703,22.886
ROMANIA,47.688,26.354
ROMANIA,45.062,28.714
ROMANIA,46.468,24.412
ROMANIA,45.81,21.338
RUSSIA,46.894,75.005
RUSSIA,51.022,71.467
RUSSIA,43.062,74.478
RUSSIA,40.609,72.793
RUSSIA,42.364,69.479
RUSSIA,47.708,67.733
RUSSIA,51.152,51.546
RUSSIA,50.351,80.234
RUSSIA,43.86,51.092
RUSSIA,50.245,57.203
RUSSIA,53.206,63.551
RUSSIA,40.468,50.047
RUSSIA,34.804,-96.671
RUSSIA,62.093,129.771
RUSSIA,66.417,112.05
RUSSIA,40.148,44.397
RUSSIA,50.422,127.41
RUSSIA,48.528,135.188
RUSSIA,64.735,177.741
RUSSIA,64.38,-173.247
RUSSIA,59.91,150.717
RUSSIA,67.5,171.0
RUSSIA,53.166,158.453
RUSSIA,53.515,142.888
RUSSIA,46.889,142.717
RUSSIA,43.399,132.151
RUSSIA,52.026,113.305
RUSSIA,56.371,101.699
RUSSIA,52.267,104.395
RUSSIA,51.807,107.438
RUSSIA,50.345,30.895
RUSSIA,48.073,37.74
RUSSIA,48.357,35.102
RUSSIA,45.039,33.983
RUSSIA,49.359,26.934
RUSSIA,50.402,30.452
RUSSIA,49.813,23.956
RUSSIA,48.26,25.982
RUSSIA,46.427,30.678
RUSSIA,59.8,30.265
RUSSIA,68.782,32.751
RUSSIA,52.527,31.017
RUSSIA,55.167,30.133
RUSSIA,54.89,20.592
RUSSIA,53.864,27.539
RUSSIA,53.882,28.031
RUSSIA,53.74,91.385
RUSSIA,53.364,83.542
RUSSIA,55.27,86.107
RUSSIA,54.967,73.31
RUSSIA,45.035,39.172
RUSSIA,42.817,47.652
RUSSIA,44.225,43.082
RUSSIA,45.109,42.113
RUSSIA,47.258,39.818
RUSSIA,43.446,39.947
RUSSIA,46.283,48.006
RUSSIA,48.782,44.345
RUSSIA,55.303,61.507
RUSSIA,53.393,58.76
RUSSIA,66.59,66.61
RUSSIA,60.95,76.467
RUSSIA,57.917,56.026
RUSSIA,61.25,73.5
RUSSIA,56.741,60.804
RUSSIA,37.132,-92.084
RUSSIA,55.475,65.415
RUSSIA,37.992,58.363
RUSSIA,40.033,52.983
RUSSIA,39.083,63.613
RUSSIA,38.543,68.825
RUSSIA,42.486,59.623
RUSSIA,39.775,64.48
RUSSIA,39.701,66.985
RUSSIA,37.286,67.308
RUSSIA,53.214,34.176
RUSSIA,55.972,37.415
RUSSIA,56.825,35.758
RUSSIA,51.814,39.23
RUSSIA,55.591,37.261
RUSSIA,61.648,50.846
RUSSIA,55.608,49.277
RUSSIA,51.796,55.457
RUSSIA,28.954,-98.52
RUSSIA,54.557,55.874
RUSSIA,53.505,50.164
RWANDA,-1.677,29.259
RWANDA,-1.969,30.139
RWANDA,-2.462,28.908
SAMOA,-13.83,-172.008
SAMOA,-14.331,-170.71
SAO TOME & PRINCIPE,1.663,7.412
SAO TOME & PRINCIPE,0.378,6.712
SAUDI ARABIA,18.24,42.656
SAUDI ARABIA,25.284,49.486
SAUDI ARABIA,20.296,41.634
SAUDI ARABIA,19.984,42.623
SAUDI ARABIA,25.911,49.591
SAUDI ARABIA,26.471,49.798
SAUDI ARABIA,26.265,50.152
SAUDI ARABIA,16.901,42.586
SAUDI ARABIA,26.303,43.774
SAUDI ARABIA,31.411,37.279
SAUDI ARABIA,27.438,41.686
SAUDI ARABIA,27.039,49.405
SAUDI ARABIA,21.348,39.173
SAUDI ARABIA,21.679,39.156
SAUDI ARABIA,27.901,45.528
SAUDI ARABIA,24.553,39.705
SAUDI ARABIA,17.611,44.419
SAUDI ARABIA,28.335,46.125
SAUDI ARABIA,25.174,47.488
SAUDI ARABIA,24.71,44.964
SAUDI ARABIA,24.107,41.036
SAUDI ARABIA,22.703,39.07
SAUDI ARABIA,29.626,43.491
SAUDI ARABIA,24.957,46.699
SAUDI ARABIA,28.079,48.611
SAUDI ARABIA,30.907,41.138
SAUDI ARABIA,26.723,50.031
SAUDI ARABIA,17.467,47.121
SAUDI ARABIA,29.785,40.1
SAUDI ARABIA,20.465,45.619
SAUDI ARABIA,28.365,36.619
SAUDI ARABIA,21.483,40.544
SAUDI ARABIA,25.214,46.641
SAUDI ARABIA,27.869,48.768
SAUDI ARABIA,31.692,38.731
SAUDI ARABIA,20.504,45.199
SAUDI ARABIA,26.198,36.476
SAUDI ARABIA,24.144,38.063
SCOTLAND,58.958,-2.905
SENEGAL,12.556,-16.282
SENEGAL,12.88,-14.955
SENEGAL,12.41,-16.746
SENEGAL,14.147,-16.051
SENEGAL,14.739,-17.49
SENEGAL,16.05,-16.461
SENEGAL,14.847,-12.468
SENEGAL,12.572,-12.22
SENEGAL,13.737,-13.653
SEYCHELLES,-7.005,52.726
SEYCHELLES,-5.696,53.654
SEYCHELLES,-10.109,51.176
SEYCHELLES,-4.674,55.522
SEYCHELLES,-4.319,55.691
SEYCHELLES,-7.164,56.264
SIERRA LEONE,8.394,-13.128
SIERRA LEONE,8.616,-13.195
SINGAPORE,1.424,103.811
SINGAPORE,1.36,103.909
SINGAPORE,1.387,103.709
SINGAPORE,1.417,103.867
SINGAPORE,1.356,103.987
SLOVAKIA,48.17,17.212
SLOVAKIA,48.663,21.241
SLOVAKIA,48.402,17.118
SLOVAKIA,48.625,17.828
SLOVAKIA,48.638,19.134
SLOVAKIA,48.865,17.992
SLOVAKIA,49.073,20.241
SLOVAKIA,49.232,18.614
SLOVENIA,45.9,15.53
SLOVENIA,46.224,14.457
SLOVENIA,46.48,15.686
SLOVENIA,45.473,13.615
SLOVENIA,46.472,15.117
SOMALIA,3.099,43.624
SOMALIA,9.518,44.089
SOMALIA,10.389,44.941
SOMALIA,-0.377,42.459
SOMALIA,2.014,45.305
SOUTH AFRICA,-28.575,16.533
SOUTH AFRICA,-29.282,18.814
SOUTH AFRICA,-25.944,29.81
SOUTH AFRICA,-26.239,28.302
SOUTH AFRICA,-32.897,27.279
SOUTH AFRICA,-29.092,26.302
SOUTH AFRICA,-28.248,28.336
SOUTH AFRICA,-27.367,26.629
SOUTH AFRICA,-26.369,27.35
SOUTH AFRICA,-33.965,18.602
SOUTH AFRICA,-31.5,19.726
SOUTH AFRICA,-30.637,23.92
SOUTH AFRICA,-24.805,26.832
SOUTH AFRICA,-28.183,30.224
SOUTH AFRICA,-29.97,30.95
SOUTH AFRICA,-33.036,27.826
SOUTH AFRICA,-26.495,29.98
SOUTH AFRICA,-23.726,27.688
SOUTH AFRICA,-28.823,27.909
SOUTH AFRICA,-25.986,28.14
SOUTH AFRICA,-34.005,22.379
SOUTH AFRICA,-23.284,30.65
SOUTH AFRICA,-26.242,28.151
SOUTH AFRICA,-33.285,26.498
SOUTH AFRICA,-29.122,30.587
SOUTH AFRICA,-28.079,26.861
SOUTH AFRICA,-25.979,29.619
SOUTH AFRICA,-26.506,28.394
SOUTH AFRICA,-27.278,27.996
SOUTH AFRICA,-28.235,29.106
SOUTH AFRICA,-24.369,31.049
SOUTH AFRICA,-30.562,25.528
SOUTH AFRICA,-26.139,28.246
SOUTH AFRICA,-26.871,26.718
SOUTH AFRICA,-26.093,29.455
SOUTH AFRICA,-26.252,29.194
SOUTH AFRICA,-28.803,24.765
SOUTH AFRICA,-25.441,31.93
SOUTH AFRICA,-26.081,27.726
SOUTH AFRICA,-27.661,27.316
SOUTH AFRICA,-27.457,23.411
SOUTH AFRICA,-29.688,17.094
SOUTH AFRICA,-25.938,27.926
SOUTH AFRICA,-29.181,27.453
SOUTH AFRICA,-26.176,26.184
SOUTH AFRICA,-23.16,29.696
SOUTH AFRICA,-32.969,18.16
SOUTH AFRICA,-28.582,29.75
SOUTH AFRICA,-25.685,29.44
SOUTH AFRICA,-30.857,30.343
SOUTH AFRICA,-24.989,29.283
SOUTH AFRICA,-27.079,29.778
SOUTH AFRICA,-25.753,25.612
SOUTH AFRICA,-25.798,25.548
SOUTH AFRICA,-25.473,31.566
SOUTH AFRICA,-22.356,29.986
SOUTH AFRICA,-27.626,32.044
SOUTH AFRICA,-27.771,29.977
SOUTH AFRICA,-25.501,30.913
SOUTH AFRICA,-24.686,28.435
SOUTH AFRICA,-34.555,20.25
SOUTH AFRICA,-33.607,22.189
SOUTH AFRICA,-23.845,29.459
SOUTH AFRICA,-33.985,25.617
SOUTH AFRICA,-34.09,23.328
SOUTH AFRICA,-23.937,31.155
SOUTH AFRICA,-23.926,29.484
SOUTH AFRICA,-31.606,29.52
SOUTH AFRICA,-29.649,30.399
SOUTH AFRICA,-25.334,27.173
SOUTH AFRICA,-24.23,28.984
SOUTH AFRICA,-25.847,23.538
SOUTH AFRICA,-26.671,27.082
SOUTH AFRICA,-26.889,27.503
SOUTH AFRICA,-31.92,26.882
SOUTH AFRICA,-28.741,32.092
SOUTH AFRICA,-25.644,27.271
SOUTH AFRICA,-33.812,19.903
SOUTH AFRICA,-29.689,17.939
SOUTH AFRICA,-26.524,29.17
SOUTH AFRICA,-32.964,17.969
SOUTH AFRICA,-26.248,28.398
SOUTH AFRICA,-25.809,28.164
SOUTH AFRICA,-27.648,22.999
SOUTH AFRICA,-25.961,29.209
SOUTH AFRICA,-24.961,31.589
SOUTH AFRICA,-28.26,22.993
SOUTH AFRICA,-23.079,30.383
SOUTH AFRICA,-29.033,26.157
SOUTH AFRICA,-26.776,29.339
SOUTH AFRICA,-23.824,30.329
SOUTH AFRICA,-28.321,31.416
SOUTH AFRICA,-28.401,21.261
SOUTH AFRICA,-31.548,28.674
SOUTH AFRICA,-26.982,24.729
SOUTH AFRICA,-29.771,31.058
SOUTH AFRICA,-26.692,27.778
SOUTH AFRICA,-31.641,18.545
SOUTH AFRICA,-26.566,27.961
SOUTH AFRICA,-27.787,30.795
SOUTH AFRICA,-25.654,28.224
SOUTH AFRICA,-25.832,29.192
SOUTH AFRICA,-25.83,28.222
SOUTH AFRICA,-27.998,26.669
SOUTH AFRICA,-27.847,26.35
SOUTH AFRICA,-33.9,18.498
SOUTH AFRICA,-25.599,26.042
SPAIN,28.626,-17.756
SPAIN,38.948,-1.863
SPAIN,38.282,-0.558
SPAIN,36.844,-2.37
SPAIN,43.563,-6.034
SPAIN,37.842,-4.849
SPAIN,43.301,-2.911
SPAIN,42.358,-3.621
SPAIN,41.297,2.078
SPAIN,38.891,-6.821
SPAIN,43.302,-8.377
SPAIN,37.133,-3.636
SPAIN,41.901,2.76
SPAIN,37.189,-3.777
SPAIN,40.294,-3.724
SPAIN,38.873,1.373
SPAIN,36.744,-6.06
SPAIN,37.775,-0.812
SPAIN,42.589,-5.656
SPAIN,40.472,-3.561
SPAIN,36.674,-4.499
SPAIN,39.863,4.219
SPAIN,40.417,-3.5
SPAIN,37.175,-5.616
SPAIN,39.938,-3.503
SPAIN,39.55,2.733
SPAIN,42.77,-1.646
SPAIN,37.951,-1.23
SPAIN,41.147,1.167
SPAIN,36.645,-6.349
SPAIN,40.952,-5.502
SPAIN,39.599,2.703
SPAIN,39.552,2.739
SPAIN,39.862,4.258
SPAIN,43.356,-1.791
SPAIN,42.896,-8.415
SPAIN,42.339,1.409
SPAIN,40.487,-3.458
SPAIN,39.489,-0.481
SPAIN,41.706,-4.852
SPAIN,40.371,-3.785
SPAIN,42.883,-2.724
SPAIN,42.232,-8.627
SPAIN,43.427,-3.82
SPAIN,41.666,-1.041
SPAIN,37.418,-5.893
SPANISH NORTH AFRICA,35.28,-2.956
SRI LANKA,7.181,79.884
SRI LANKA,8.301,80.428
SRI LANKA,7.706,81.678
SRI LANKA,6.822,79.886
SRI LANKA,7.337,81.626
SRI LANKA,9.792,80.07
SRI LANKA,8.539,81.181
SRI LANKA,6.254,81.235
ST. KITTS & NEVIS,17.311,-62.719
ST. KITTS & NEVIS,17.206,-62.59
ST. LUCIA ISLAND,14.02,-60.993
ST. LUCIA ISLAND,13.733,-60.953
ST. PIERRE & MIQUELON,46.763,-56.175
ST.VINCENT/GRENADINES,12.988,-61.262
ST.VINCENT/GRENADINES,12.699,-61.342
ST.VINCENT/GRENADINES,12.887,-61.18
ST.VINCENT/GRENADINES,13.144,-61.211
SUDAN,19.154,30.43
SUDAN,11.786,34.336
SUDAN,13.615,25.325
SUDAN,15.386,36.328
SUDAN,12.054,24.955
SUDAN,13.153,30.232
SUDAN,4.872,31.601
SUDAN,9.559,31.652
SUDAN,19.576,37.216
SUDAN,15.589,32.553
SUDAN,7.726,27.979
SURINAM,5.453,-55.188
SURINAM,5.811,-55.191
SWAZILAND,-26.529,31.308
SWEDEN,58.402,15.526
SWEDEN,58.611,16.103
SWEDEN,59.897,17.588
SWEDEN,59.181,17.912
SWEDEN,56.296,12.847
SWEDEN,56.267,15.265
SWEDEN,58.409,13.262
SWEDEN,56.184,14.132
SWEDEN,58.598,14.114
SWEDEN,56.844,15.452
SWEDEN,58.498,13.053
SWEDEN,56.785,13.602
SWEDEN,57.663,12.28
SWEDEN,57.758,14.069
SWEDEN,58.17,13.588
SWEDEN,58.465,13.174
SWEDEN,57.775,11.87
SWEDEN,58.456,13.973
SWEDEN,58.318,12.345
SWEDEN,58.514,14.507
SWEDEN,58.426,12.714
SWEDEN,60.133,18.105
SWEDEN,59.419,17.891
SWEDEN,59.346,14.496
SWEDEN,60.958,14.511
SWEDEN,58.789,16.912
SWEDEN,59.314,17.109
SWEDEN,59.676,12.639
SWEDEN,58.791,16.571
SWEDEN,56.611,15.605
SWEDEN,56.95,13.922
SWEDEN,55.922,14.085
SWEDEN,55.945,12.861
SWEDEN,57.35,16.498
SWEDEN,57.264,13.599
SWEDEN,56.685,16.288
SWEDEN,55.53,13.371
SWEDEN,56.691,12.82
SWEDEN,57.292,14.137
SWEDEN,56.929,14.728
SWEDEN,63.738,15.458
SWEDEN,62.409,13.747
SWEDEN,62.048,14.423
SWEDEN,61.898,15.705
SWEDEN,67.132,20.814
SWEDEN,61.768,17.081
SWEDEN,63.634,17.94
SWEDEN,66.496,20.147
SWEDEN,63.048,17.769
SWEDEN,64.548,18.716
SWEDEN,63.129,14.803
SWEDEN,62.528,17.444
SWEDEN,63.408,18.99
SWEDEN,65.399,21.265
SWEDEN,67.822,20.337
SWEDEN,61.19,14.712
SWEDEN,64.625,21.077
SWEDEN,62.481,17.003
SWEDEN,63.792,20.282
SWEDEN,64.579,16.833
SWEDEN,65.59,19.282
SWEDEN,59.224,15.038
SWEDEN,60.02,13.579
SWEDEN,59.589,16.634
SWEDEN,65.544,22.122
SWEDEN,63.194,14.502
SWEDEN,65.875,20.15
SWEDEN,65.836,21.471
SWEDEN,59.386,15.924
SWEDEN,59.652,17.919
SWEDEN,59.354,17.941
SWEDEN,60.422,15.515
SWEDEN,57.526,15.824
SWEDEN,60.593,16.951
SWEDEN,58.406,15.68
SWEDEN,58.586,16.251
SWEDEN,60.157,12.991
SWEDEN,59.351,16.708
SWEDEN,57.663,18.346
SWEDEN,64.571,19.314
SWEDEN,64.961,17.696
SWEDEN,61.869,12.691
SWEDEN,65.106,20.761
SWEDEN,67.765,20.257
SWEDEN,65.806,15.083
SWITZERLAND,46.614,7.678
SWITZERLAND,47.084,6.793
SWITZERLAND,46.238,6.109
SWITZERLAND,46.488,7.251
SWITZERLAND,46.219,7.327
SWITZERLAND,46.944,8.284
SWITZERLAND,46.501,8.296
SWITZERLAND,47.399,8.648
SWITZERLAND,47.092,8.305
SWITZERLAND,47.079,9.065
SWITZERLAND,46.676,7.879
SWITZERLAND,46.304,7.714
SWITZERLAND,46.743,8.11
SWITZERLAND,46.304,7.823
SWITZERLAND,46.843,6.915
SWITZERLAND,46.975,8.399
SWITZERLAND,47.383,8.567
SWITZERLAND,46.004,8.911
SWITZERLAND,46.914,7.497
SWITZERLAND,47.181,7.417
SWITZERLAND,47.465,8.549
SWITZERLAND,47.485,9.561
SWITZERLAND,46.532,9.883
SYRIA,36.181,37.224
SYRIA,33.411,36.516
SYRIA,35.285,40.176
SYRIA,37.024,41.194
SYRIA,35.401,35.949
SYRIA,34.557,38.317
TAIWAN,24.432,118.359
TAIWAN,22.672,120.462
TAIWAN,24.855,121.237
TAIWAN,22.757,121.093
TAIWAN,22.674,121.458
TAIWAN,25.056,121.243
TAIWAN,22.575,120.351
TAIWAN,23.462,120.393
TAIWAN,24.186,120.654
TAIWAN,22.029,121.527
TAIWAN,24.264,120.621
TAIWAN,26.224,120.002
TAIWAN,22.95,120.206
TAIWAN,24.818,120.939
TAIWAN,23.569,119.628
TAIWAN,22.793,121.182
TAIWAN,22.705,120.281
TAIWAN,22.7,120.482
TAIWAN,25.069,121.552
TAIWAN,25.08,121.232
TAIWAN,23.371,119.494
TAIWAN,24.023,121.618
TANZANIA,-3.368,36.633
TANZANIA,-6.878,39.203
TANZANIA,-6.17,35.752
TANZANIA,-7.669,35.752
TANZANIA,-3.429,37.074
TANZANIA,-3.376,35.818
TANZANIA,-3.514,33.619
TANZANIA,-3.363,37.323
TANZANIA,-10.339,40.182
TANZANIA,-2.444,32.932
TANZANIA,-6.717,38.154
TANZANIA,-5.257,39.811
TANZANIA,-5.092,39.071
TANZANIA,-6.222,39.225
THAILAND,13.912,100.607
THAILAND,14.102,99.917
THAILAND,14.874,100.663
THAILAND,12.68,101.005
THAILAND,13.769,102.315
THAILAND,19.497,100.286
THAILAND,18.272,99.504
THAILAND,18.132,100.164
THAILAND,12.634,99.951
THAILAND,15.277,100.296
THAILAND,16.821,101.254
THAILAND,16.7,98.545
THAILAND,15.673,100.137
THAILAND,16.783,100.279
THAILAND,17.674,100.235
THAILAND,17.234,99.058
THAILAND,6.52,101.743
THAILAND,8.099,98.986
THAILAND,7.186,100.608
THAILAND,6.785,101.153
THAILAND,9.548,100.062
THAILAND,8.471,99.956
THAILAND,8.113,98.317
THAILAND,9.778,98.585
THAILAND,6.933,100.393
THAILAND,7.509,99.616
THAILAND,6.527,101.242
THAILAND,17.386,102.788
THAILAND,17.195,104.119
THAILAND,14.869,103.489
THAILAND,17.439,101.722
THAILAND,14.934,102.079
THAILAND,17.412,104.777
THAILAND,17.384,104.643
TOGO,9.767,1.091
TOGO,6.166,1.254
TONGA,-21.241,-175.15
TONGA,-19.777,-174.341
TONGA,-18.585,-173.963
TRINIDAD & TOBAGO,11.149,-60.832
TRINIDAD & TOBAGO,10.595,-61.337
TUAMOTU ISLANDS,-15.663,-146.885
TUAMOTU ISLANDS,-15.248,-146.616
TUAMOTU ISLANDS,-18.075,-140.946
TUNISIA,35.758,10.755
TUNISIA,36.851,10.227
TUNISIA,37.245,9.791
TUNISIA,32.306,10.382
TUNISIA,34.422,8.822
TUNISIA,33.877,10.103
TUNISIA,36.721,9.943
TUNISIA,33.875,10.775
TUNISIA,31.704,9.254
TUNISIA,34.718,10.691
TUNISIA,33.94,8.111
TURKEY,40.0,32.0
TURKEY,39.935,32.741
TURKEY,40.128,32.995
TURKEY,39.95,32.689
TURKEY,40.079,32.566
TURKEY,36.982,35.28
TURKEY,37.002,35.426
TURKEY,38.726,30.601
TURKEY,36.901,30.792
TURKEY,36.948,37.479
TURKEY,36.573,36.154
TURKEY,41.314,33.796
TURKEY,37.979,32.562
TURKEY,40.829,35.522
TURKEY,41.276,36.304
TURKEY,39.814,36.903
TURKEY,41.516,32.1
TURKEY,38.436,38.092
TURKEY,38.77,35.495
TURKEY,39.451,31.365
TURKEY,40.305,36.368
TURKEY,41.254,31.415
TURKEY,37.785,29.701
TURKEY,38.772,34.534
TURKEY,40.977,28.821
TURKEY,37.816,27.886
TURKEY,40.232,29.009
TURKEY,39.619,27.925
TURKEY,40.318,27.977
TURKEY,40.138,26.427
TURKEY,39.784,30.582
TURKEY,38.292,27.157
TURKEY,38.319,27.16
TURKEY,38.513,27.01
TURKEY,37.785,30.582
TURKEY,39.427,30.016
TURKEY,38.681,29.471
TURKEY,40.683,29.379
TURKEY,40.735,30.083
TURKEY,40.255,29.563
TURKEY,36.713,28.793
TURKEY,38.809,27.834
TURKEY,41.138,27.919
TURKEY,40.993,29.216
TURKEY,39.81,30.519
TURKEY,38.607,39.291
TURKEY,37.894,40.201
TURKEY,39.71,39.526
TURKEY,39.956,41.17
TURKEY,40.562,43.115
TURKEY,40.995,39.79
TURKEY,37.092,38.846
TURKEY,38.468,43.332
TURKEY,37.929,41.116
TURKEY,38.754,41.661
TURKEY,37.979,41.84
TURKEY,42.019,35.079
TURKEY,38.517,26.977
TURKEY,37.951,27.329
TURKS & CAICOS I.,21.917,-71.939
TURKS & CAICOS I.,21.774,-72.266
TURKS & CAICOS I.,21.516,-71.528
TUVALU ISLAND,-8.517,179.217
UGANDA,0.042,32.443
UGANDA,2.806,32.272
UGANDA,1.728,33.623
UK,51.668,-2.057
UK,52.041,-1.096
UK,53.56,-0.858
UK,51.505,-1.993
UK,51.405,-3.436
UK,51.009,-2.639
UK,50.956,0.939
UK,53.745,-2.883
UK,52.871,-2.533
UK,53.258,-4.373
UK,52.798,-2.668
UK,53.248,-4.535
UK,53.581,-3.055
UK,54.851,-4.948
UK,59.879,-1.296
UK,58.459,-3.093
UK,57.204,-2.2
UK,57.54,-4.05
UK,55.872,-4.433
UK,55.95,-3.373
UK,55.682,-6.257
UK,55.508,-4.587
UK,57.481,-7.363
UK,60.432,-1.298
UK,56.453,-3.026
UK,58.214,-6.329
UK,56.499,-6.869
UK,56.373,-2.868
UK,57.705,-3.339
UK,51.722,0.154
UK,52.127,0.956
UK,52.357,-0.108
UK,51.234,-0.943
UK,51.553,-0.418
UK,53.307,-0.551
UK,52.613,-0.476
UK,53.166,-0.524
UK,54.206,-1.382
UK,52.648,0.55
UNITED ARAB EMIRATES,24.433,54.651
UNITED ARAB EMIRATES,24.428,54.458
UNITED ARAB EMIRATES,24.074,52.463
UNITED ARAB EMIRATES,24.187,52.614
UNITED ARAB EMIRATES,24.262,55.609
UNITED ARAB EMIRATES,24.248,54.547
UNITED ARAB EMIRATES,24.78,52.56
UNITED ARAB EMIRATES,25.146,52.874
UNITED ARAB EMIRATES,24.861,53.078
UNITED ARAB EMIRATES,25.255,55.364
UNITED ARAB EMIRATES,25.112,56.324
UNITED ARAB EMIRATES,25.613,55.939
UNITED ARAB EMIRATES,25.328,55.517
URUGUAY,-34.789,-56.264
URUGUAY,-30.401,-56.508
URUGUAY,-34.456,-57.771
URUGUAY,-33.359,-56.499
URUGUAY,-34.855,-55.094
URUGUAY,-32.338,-54.217
URUGUAY,-34.838,-56.03
URUGUAY,-34.914,-54.921
URUGUAY,-32.365,-58.061
URUGUAY,-30.974,-55.476
URUGUAY,-31.44,-57.991
URUGUAY,-31.749,-55.926
USA,32.411,-99.682
USA,41.253,-70.06
USA,31.611,-97.23
USA,39.458,-74.577
USA,34.303,-97.019
USA,38.811,-76.867
USA,31.327,-92.548
USA,33.37,-81.964
USA,41.038,-81.467
USA,42.748,-73.803
USA,27.741,-98.027
USA,35.219,-101.706
USA,33.588,-85.858
USA,34.495,-82.709
USA,40.296,-78.32
USA,39.466,-76.169
USA,30.038,-91.884
USA,43.992,-76.022
USA,33.64,-84.427
USA,44.321,-69.797
USA,30.194,-97.67
USA,39.136,-121.436
USA,32.502,-93.663
USA,26.378,-80.107
USA,48.728,-94.612
USA,41.939,-72.683
USA,41.163,-73.126
USA,42.47,-71.289
USA,47.53,-122.302
USA,35.433,-119.057
USA,30.626,-88.068
USA,44.807,-68.828
USA,33.563,-86.753
USA,31.849,-106.38
USA,30.411,-88.924
USA,39.702,-104.751
USA,48.792,-122.537
USA,38.545,-89.835
USA,36.124,-86.678
USA,43.564,-116.223
USA,42.364,-71.005
USA,29.951,-94.021
USA,25.907,-97.426
USA,30.533,-91.149
USA,44.472,-73.153
USA,42.94,-78.732
USA,34.201,-118.359
USA,39.175,-76.668
USA,35.964,-89.943
USA,35.28,-116.63
USA,33.939,-81.119
USA,46.871,-68.018
USA,33.644,-88.444
USA,37.701,-113.099
USA,34.434,-100.288
USA,42.198,-72.534
USA,30.779,-86.522
USA,30.716,-96.331
USA,35.035,-85.204
USA,32.899,-80.04
USA,39.795,-121.858
USA,41.412,-81.85
USA,30.588,-96.364
USA,35.214,-80.943
USA,39.998,-82.892
USA,32.337,-104.263
USA,31.638,-97.074
USA,28.235,-80.61
USA,38.806,-104.7
USA,28.458,-99.22
USA,38.818,-92.219
USA,42.908,-106.464
USA,27.77,-97.501
USA,48.608,-112.376
USA,39.046,-84.662
USA,34.383,-103.322
USA,32.669,-115.513
USA,30.352,-95.414
USA,41.156,-104.812
USA,32.847,-96.852
USA,39.902,-84.219
USA,38.852,-77.037
USA,39.858,-104.667
USA,42.409,-83.01
USA,32.896,-97.037
USA,31.321,-85.449
USA,36.023,-102.547
USA,29.359,-100.778
USA,46.842,-92.194
USA,32.166,-110.883
USA,39.13,-75.466
USA,41.908,-88.249
USA,30.832,-93.34
USA,37.151,-107.754
USA,29.373,-100.926
USA,41.534,-93.663
USA,42.212,-83.353
USA,31.469,-109.604
USA,32.421,-99.854
USA,36.261,-76.174
USA,34.905,-117.884
USA,29.607,-95.159
USA,28.7,-100.479
USA,38.889,-79.857
USA,33.221,-92.813
USA,31.807,-106.378
USA,36.34,-97.916
USA,40.719,-114.031
USA,31.395,-92.296
USA,35.073,-77.043
USA,40.692,-74.169
USA,24.556,-81.759
USA,37.133,-76.609
USA,36.776,-119.718
USA,38.678,-104.756
USA,39.826,-84.048
USA,31.588,-110.344
USA,26.072,-80.153
USA,34.185,-79.724
USA,39.368,-94.914
USA,39.085,-76.759
USA,41.658,-70.521
USA,36.741,-108.23
USA,26.586,-81.863
USA,42.551,-94.193
USA,38.951,-95.664
USA,40.844,-72.632
USA,39.055,-96.764
USA,34.65,-98.402
USA,35.336,-94.367
USA,37.907,-85.972
USA,32.82,-97.362
USA,26.197,-80.171
USA,36.005,-94.17
USA,36.295,-99.776
USA,37.927,-100.724
USA,47.62,-117.534
USA,47.949,-97.176
USA,32.385,-94.711
USA,29.265,-94.86
USA,35.165,-107.901
USA,29.69,-82.272
USA,44.485,-88.129
USA,47.079,-122.581
USA,31.067,-97.829
USA,42.881,-85.523
USA,35.339,-77.961
USA,44.056,-75.719
USA,47.482,-111.371
USA,40.648,-86.152
USA,33.068,-96.065
USA,38.843,-94.561
USA,33.494,-90.084
USA,34.991,-99.051
USA,41.736,-72.65
USA,33.923,-118.335
USA,47.386,-92.839
USA,41.124,-111.973
USA,35.741,-81.389
USA,46.607,-111.983
USA,31.139,-97.714
USA,32.852,-106.106
USA,32.688,-103.217
USA,44.385,-98.228
USA,36.668,-87.496
USA,29.645,-95.279
USA,41.067,-73.707
USA,26.228,-97.654
USA,36.261,-93.155
USA,30.428,-86.689
USA,25.488,-80.384
USA,44.36,-84.671
USA,34.679,-86.685
USA,39.451,-87.307
USA,46.123,-67.792
USA,48.543,-109.762
USA,26.001,-80.24
USA,37.623,-97.267
USA,38.944,-77.456
USA,43.107,-78.946
USA,29.98,-95.34
USA,37.65,-97.433
USA,41.071,-87.846
USA,35.04,-106.609
USA,39.679,-75.606
USA,34.271,-77.903
USA,39.717,-86.294
USA,31.779,-103.201
USA,48.566,-93.403
USA,36.587,-115.673
USA,36.134,-80.222
USA,32.834,-115.579
USA,41.242,-76.921
USA,48.178,-103.642
USA,40.795,-73.1
USA,32.311,-90.076
USA,30.494,-81.688
USA,35.832,-90.646
USA,40.64,-73.779
USA,42.779,-84.587
USA,36.08,-115.152
USA,33.942,-118.408
USA,33.664,-101.823
USA,30.126,-93.223
USA,39.814,-82.928
USA,37.083,-76.36
USA,31.234,-94.75
USA,30.205,-91.987
USA,40.777,-73.872
USA,33.818,-118.151
USA,31.889,-81.562
USA,34.729,-92.224
USA,26.593,-80.085
USA,40.851,-96.759
USA,38.228,-85.664
USA,27.544,-99.461
USA,34.918,-92.146
USA,32.337,-84.991
USA,36.236,-115.034
USA,34.667,-99.267
USA,33.535,-112.383
USA,39.103,-84.419
USA,31.942,-102.202
USA,38.667,-121.401
USA,27.849,-82.521
USA,39.297,-94.714
USA,32.693,-83.649
USA,28.429,-81.316
USA,40.193,-76.763
USA,41.786,-87.752
USA,35.042,-89.977
USA,37.38,-120.568
USA,26.176,-98.239
USA,33.915,-84.516
USA,38.554,-121.297
USA,25.793,-80.291
USA,48.416,-101.357
USA,39.368,-75.072
USA,42.947,-87.896
USA,35.6,-88.916
USA,35.657,-95.361
USA,28.103,-80.645
USA,34.882,-95.783
USA,45.648,-68.686
USA,32.511,-92.037
USA,45.194,-123.136
USA,45.126,-87.638
USA,30.691,-88.243
USA,37.626,-120.954
USA,48.259,-101.28
USA,44.203,-72.562
USA,46.534,-87.562
USA,43.14,-89.337
USA,44.88,-93.217
USA,44.936,-74.845
USA,29.993,-90.258
USA,42.613,-82.832
USA,40.435,-76.569
USA,43.043,-115.872
USA,47.208,-119.32
USA,32.781,-98.06
USA,32.379,-86.362
USA,33.68,-78.928
USA,32.477,-80.723
USA,29.825,-90.035
USA,34.708,-77.439
USA,40.033,-74.353
USA,39.416,-118.701
USA,36.938,-76.289
USA,38.286,-76.412
USA,35.688,-117.691
USA,30.236,-81.681
USA,32.829,-115.672
USA,34.902,-76.881
USA,32.868,-117.143
USA,36.333,-119.952
USA,32.552,-88.556
USA,48.141,-123.414
USA,30.353,-87.319
USA,35.357,-89.87
USA,27.507,-97.81
USA,24.576,-81.689
USA,30.724,-87.022
USA,34.12,-119.121
USA,33.706,-117.827
USA,36.821,-76.033
USA,37.415,-122.048
USA,48.352,-122.656
USA,34.296,-116.162
USA,40.2,-75.148
USA,38.502,-77.305
USA,30.219,-81.876
USA,32.699,-117.215
USA,37.721,-122.221
USA,41.118,-95.913
USA,44.682,-75.466
USA,35.393,-97.601
USA,31.418,-110.848
USA,41.302,-95.894
USA,34.056,-117.601
USA,25.907,-80.278
USA,41.979,-87.904
USA,36.894,-76.201
USA,28.545,-81.333
USA,44.451,-83.394
USA,47.906,-122.281
USA,30.07,-85.576
USA,34.175,-91.934
USA,44.651,-73.468
USA,26.683,-80.096
USA,45.589,-122.597
USA,37.132,-76.493
USA,39.872,-75.241
USA,42.911,-82.529
USA,33.434,-112.008
USA,27.911,-82.687
USA,40.491,-80.233
USA,48.942,-97.241
USA,34.629,-118.084
USA,36.731,-97.1
USA,40.082,-75.011
USA,45.56,-93.608
USA,30.473,-87.187
USA,35.171,-79.014
USA,31.045,-93.191
USA,46.689,-68.045
USA,34.654,-112.419
USA,33.829,-116.507
USA,28.727,-96.251
USA,38.289,-104.496
USA,41.724,-71.428
USA,43.646,-70.309
USA,33.952,-117.445
USA,34.85,-92.3
USA,44.145,-103.103
USA,47.961,-97.401
USA,35.877,-78.787
USA,37.505,-77.319
USA,38.489,-121.102
USA,33.881,-117.259
USA,43.234,-75.407
USA,29.529,-98.279
USA,39.498,-119.768
USA,43.119,-77.672
USA,33.301,-104.531
USA,26.536,-81.755
USA,38.513,-121.493
USA,35.617,-106.088
USA,32.733,-117.189
USA,29.534,-98.47
USA,32.127,-81.202
USA,46.354,-87.396
USA,32.608,-82.369
USA,38.34,-75.51
USA,37.894,-121.239
USA,47.449,-122.309
USA,32.344,-86.988
USA,47.683,-117.322
USA,37.619,-122.375
USA,41.921,-71.491
USA,32.446,-93.826
USA,37.362,-121.929
USA,31.358,-100.496
USA,47.615,-117.656
USA,29.384,-98.581
USA,41.433,-82.652
USA,40.788,-111.978
USA,38.695,-121.591
USA,33.676,-117.868
USA,45.773,-122.862
USA,27.765,-82.627
USA,33.989,-98.492
USA,33.973,-80.473
USA,38.748,-90.36
USA,38.263,-121.927
USA,42.402,-96.384
USA,32.01,-81.146
USA,41.504,-74.105
USA,43.111,-76.106
USA,38.73,-93.548
USA,37.741,-92.141
USA,35.183,-103.603
USA,47.138,-122.476
USA,33.237,-107.272
USA,40.85,-74.061
USA,35.415,-97.386
USA,30.396,-84.35
USA,25.648,-80.433
USA,25.862,-80.897
USA,37.794,-116.779
USA,27.975,-82.533
USA,40.277,-74.813
USA,36.198,-95.888
USA,32.116,-110.941
USA,33.454,-93.991
USA,32.354,-95.402
USA,35.812,-83.993
USA,42.422,-87.868
USA,30.968,-83.193
USA,34.729,-120.577
USA,34.593,-117.379
USA,30.483,-86.525
USA,27.656,-80.418
USA,37.94,-75.466
USA,32.64,-83.592
USA,40.016,-74.594
USA,32.341,-106.403
USA,39.008,-74.908
USA,42.238,-83.53
USA,41.261,-80.679
USA,32.656,-114.606
USA,35.083,-108.792
USA,61.595,-149.089
USA,70.134,-143.577
USA,60.78,-161.838
USA,63.994,-145.721
USA,59.362,-155.257
USA,71.285,-156.766
USA,66.915,-151.528
USA,55.206,-162.724
USA,64.301,-149.12
USA,60.492,-145.477
USA,61.78,-166.039
USA,51.878,-176.646
USA,59.045,-158.503
USA,57.75,-152.494
USA,53.9,-166.543
USA,61.251,-149.806
USA,58.647,-162.061
USA,64.666,-147.101
USA,60.573,-151.245
USA,64.815,-147.856
USA,64.837,-147.614
USA,61.266,-149.653
USA,64.736,-156.937
USA,62.155,-145.456
USA,59.46,-135.316
USA,59.646,-151.476
USA,59.754,-154.911
USA,65.993,-153.704
USA,58.355,-134.576
USA,58.677,-156.649
USA,55.356,-131.714
USA,68.875,-166.11
USA,62.953,-155.606
USA,59.45,-146.309
USA,61.214,-149.846
USA,61.174,-149.996
USA,55.042,-131.572
USA,64.512,-165.445
USA,62.961,-141.929
USA,66.884,-162.598
USA,56.578,-169.661
USA,59.011,-161.819
USA,70.195,-148.465
USA,57.047,-135.361
USA,57.167,-170.22
USA,61.097,-155.574
USA,52.712,174.114
USA,65.174,-152.109
USA,65.563,-167.922
USA,62.32,-150.094
USA,62.894,-155.976
USA,63.888,-160.799
USA,61.134,-146.248
USA,70.613,-159.86
USA,59.503,-139.66
USA,66.571,-145.25
USA,22.022,-159.787
USA,21.579,-158.21
USA,21.483,-158.039
USA,20.796,-156.014
USA,20.963,-156.674
USA,19.739,-156.046
USA,21.976,-159.339
USA,21.153,-157.096
USA,20.001,-155.668
USA,21.449,-157.768
USA,21.316,-157.927
USA,20.786,-156.951
USA,20.899,-156.431
USA,19.76,-155.554
USA,19.72,-155.049
USA,20.265,-155.86
USA,70.499,-149.879
USA,69.733,-163.005
UZBEKISTAN,41.257,69.282
VANUATU,-15.501,167.222
VANUATU,-17.699,168.32
VENEZUELA,9.553,-69.238
VENEZUELA,9.429,-64.471
VENEZUELA,4.052,-67.701
VENEZUELA,10.107,-64.689
VENEZUELA,8.619,-70.221
VENEZUELA,10.183,-67.557
VENEZUELA,10.043,-69.358
VENEZUELA,10.25,-67.649
VENEZUELA,8.122,-63.537
VENEZUELA,7.626,-66.165
VENEZUELA,9.649,-68.575
VENEZUELA,8.924,-67.417
VENEZUELA,6.232,-62.854
VENEZUELA,10.176,-70.065
VENEZUELA,10.66,-63.262
VENEZUELA,11.415,-69.681
VENEZUELA,10.286,-66.816
VENEZUELA,10.45,-64.13
VENEZUELA,9.372,-66.923
VENEZUELA,6.715,-61.639
VENEZUELA,7.06,-69.497
VENEZUELA,7.211,-70.756
VENEZUELA,10.574,-62.313
VENEZUELA,9.027,-69.755
VENEZUELA,10.462,-66.093
VENEZUELA,10.794,-63.981
VENEZUELA,11.781,-70.152
VENEZUELA,9.907,-67.379
VENEZUELA,8.239,-72.271
VENEZUELA,11.809,-66.179
VENEZUELA,10.558,-71.728
VENEZUELA,8.582,-71.161
VENEZUELA,10.912,-63.966
VENEZUELA,10.603,-66.991
VENEZUELA,9.749,-63.152
VENEZUELA,5.62,-67.606
VENEZUELA,10.48,-68.073
VENEZUELA,7.801,-72.203
VENEZUELA,8.288,-62.76
VENEZUELA,7.576,-70.174
VENEZUELA,7.852,-72.435
VENEZUELA,7.803,-71.166
VENEZUELA,7.565,-72.035
VENEZUELA,10.279,-68.755
VENEZUELA,7.883,-67.444
VENEZUELA,8.945,-64.151
VENEZUELA,8.974,-71.943
VENEZUELA,9.089,-62.094
VENEZUELA,7.249,-61.529
VENEZUELA,10.158,-67.927
VENEZUELA,8.624,-71.673
VENEZUELA,9.341,-70.584
VENEZUELA,9.222,-65.993
VIET NAM,16.044,108.199
VIET NAM,21.222,105.806
VIET NAM,12.218,109.2
VIET NAM,10.82,106.662
VIRGIN ISL.,18.337,-64.973
VIRGIN ISL.,17.702,-64.798
VIRGIN ISL.,18.445,-64.543
WALES,51.397,-3.343
WALLIS & FUTUNA,-13.238,-176.199
WEST TIMOR,-8.485,126.399
YUGOSLAVIA,44.818,20.309
YUGOSLAVIA,42.359,19.252
YUGOSLAVIA,42.573,21.036
YUGOSLAVIA,42.404,18.723
YUGOSLAVIA,45.147,21.31
ZAIRE,-4.386,15.444
ZAIRE,-4.325,15.328
ZAIRE,-5.931,12.352
ZAIRE,-5.918,12.447
ZAIRE,-5.799,13.441
ZAIRE,-3.311,17.382
ZAIRE,-5.036,18.786
ZAIRE,0.022,18.289
ZAIRE,4.253,20.975
ZAIRE,3.235,19.771
ZAIRE,4.158,21.651
ZAIRE,2.171,21.497
ZAIRE,0.518,25.155
ZAIRE,2.827,27.588
ZAIRE,1.566,30.221
ZAIRE,2.818,24.794
ZAIRE,-2.309,28.809
ZAIRE,-1.671,29.238
ZAIRE,-2.919,25.915
ZAIRE,-11.591,27.531
ZAIRE,-10.766,25.506
ZAIRE,-5.876,29.25
ZAIRE,-8.642,25.253
ZAIRE,-9.469,25.759
ZAIRE,-5.9,22.469
ZAIRE,-6.121,23.569
ZAMBIA,-12.573,27.894
ZAMBIA,-14.997,22.648
ZAMBIA,-17.822,25.822
ZAMBIA,-15.331,28.453
ZAMBIA,-11.138,28.875
ZAMBIA,-13.259,31.936
ZAMBIA,-15.254,23.162
ZAMBIA,-12.565,28.299
ZAMBIA,-12.998,28.665
ZAMBIA,-12.9,28.15
ZAMBIA,-13.539,23.11
ZIMBABWE,-20.017,28.618
ZIMBABWE,-17.751,30.924
ZIMBABWE,-21.008,31.578
ZIMBABWE,-18.096,25.839
ZIMBABWE,-18.977,32.451
ZIMBABWE,-17.932,31.093
ZIMBABWE,-16.52,28.885
ZIMBABWE,-17.432,32.184
ZIMBABWE,-18.998,32.627
ZIMBABWE,-20.055,30.859
ZIMBABWE,-20.289,30.088
ZIMBABWE,-19.437,29.862
ZIMBABWE,-18.63,27.021
ZIMBABWE,-19.029,29.722